Nombre,Eje,Angulo,Joint0,Joint1,Joint2,Joint3,Joint4,Joint5,Joint6,Joint7,Joint8,Joint9,Joint10,Joint11,Joint12,Joint13,Joint14,Joint15,ts0,ts1,ts2,ts3,ts4,ts5,ts6,ts7,ts8,ts9,ts10,ts11,ts12,ts13,ts14,ts15,ts16,ts17,ts18,ts19,ts20,ts21,ts22,ts23,ts24,ts25,ts26,ts27,ts28,ts29,ts30,ts31,ts32,ts33,ts34,ts35,ts36,ts37,ts38,ts39,ts40,ts41,ts42,ts43,ts44,ts45,ts46,ts47,ts48,ts49,ts50,ts51,ts52,ts53,ts54,ts55,ts56,ts57,ts58,ts59,ts60,ts61,ts62,ts63,ts64,ts65,ts66,ts67,ts68,ts69,ts70,ts71,ts72,ts73,ts74,ts75,ts76,ts77,ts78,ts79,ts80,ts81,ts82,ts83,ts84,ts85,ts86,ts87,ts88,ts89,ts90,ts91,ts92,ts93,ts94,ts95,ts96,ts97,ts98,ts99,ts100,ts101,ts102,ts103,ts104,ts105,ts106,ts107,ts108,ts109,ts110,ts111,etiqueta
Botella01,x,0,-0.0190786195085606,0.618617072752618,0.161238115010435,-0.147936643940996,0.0629949278728639,0.672592779037073,0.0302353560701447,-0.0680747297866995,0.125971659177382,0.607685774910252,0.2151028132876,-0.25465714258383,1.35140806670626,0.315475626315487,0.264164007227343,0.149324643709349,0,0,0,0,0,0,0,0,0,0,0,0,0,0,0,0,0,0,0,0,0,0,0,0,0,0,0,0,0,0,0,0,0,0,0,0,0,0,0,0,0,0,0,0,0,0,0,0,0,0,0,0,0,0,0,0,0,0,0,0,0,0,0,0,0,0,0,0,0,0,0,0,0,0,0,0,0,0,0,0,0,0,0,0,0,0,0,0,0,0,0,0,0,0,0,0,0,0,0,0,0,0,0,0,0,0,0,0,0,0,0,0,1
Botella01,z,0,0.0765263456769758,0.64233441239678,0.194214022977641,-0.146353175094349,0.0438969752554289,0.539851409280556,0.190498173583767,-0.0285711996819172,0.146795564931641,0.75301932172274,0.213754780595375,-0.301979206430898,1.31353654764976,0.328197639556579,0.209473454691521,0.0815624923258193,0,0,0,0,0,0,0,0,0,0,0,0,17,0,0,0,0,0,0,0,0,0,0,0,0,0,0,0,0,0,0,0,0,0,0,0,0,0,0,0,0,0,0,0,0,0,0,0,0,0,0,0,0,0,0,0,0,0,0,0,0,0,0,0,0,0,0,0,0,0,0,0,0,0,0,0,0,0,0,0,0,0,0,0,0,0,0,0,0,0,0,0,0,0,0,0,0,0,0,0,0,0,0,0,0,0,0,0,0,0,0,0,1
Botella01,z,30,0.118032711264378,0.611550796277326,0.222507493830575,-0.157734245423611,0.0627434597176272,0.504955067208479,0.19329973974976,0.0394383758416925,0.161734010193785,0.77364470116695,0.199575739368781,-0.294287302491512,1.29687514339642,0.358374606815355,0.201385312020932,0.063892482781064,0,0,0,0,0,0,0,0,0,0,0,0,17,0,0,0,0,0,0,0,0,0,0,0,0,0,0,0,0,0,0,0,0,0,0,0,0,0,0,0,0,0,0,0,0,0,0,0,0,0,0,0,0,0,0,0,0,0,0,0,0,0,0,0,0,0,0,0,0,0,0,0,0,0,0,0,0,0,0,0,0,0,0,0,0,0,0,0,0,0,0,0,0,0,0,0,0,0,0,0,0,0,0,0,0,0,0,0,0,0,0,0,1
Botella01,z,60,-0.0706736769742822,0.463762151500236,0.225560513336321,0.0994420622898777,0.0262618131013689,0.504584019446801,0.177771249542384,0.108392800315016,0.257484984741847,1.00787282826771,0.125793955308063,-0.323442866486466,1.34915653409706,0.385527069266525,0.189210583373666,-0.00905760878552372,0,0,0,0,0,0,0,0,0,0,0,0,17,0,0,0,0,0,0,0,0,0,0,0,0,0,0,0,0,0,0,0,0,0,0,0,0,0,0,0,0,0,0,0,0,0,0,0,0,0,0,0,0,0,0,0,0,0,0,0,0,0,0,0,0,0,0,0,0,0,0,0,0,0,0,0,0,0,0,0,0,0,0,0,0,0,0,0,0,0,0,0,0,0,0,0,0,0,0,0,0,0,0,0,0,0,0,0,0,0,0,0,1
Botella01,z,90,-0.0588803154107375,0.462819444618451,0.220284196316341,0.103329021263729,0.0122072635978303,0.547875585970731,0.2034135807717,-0.0242618442042054,0.258579803334778,1.00738813826764,0.131919598727364,-0.324377192077466,1.32081642614601,0.374993367138995,0.197775095764355,0.0342585357228107,0,0,0,0,0,0,0,0,0,0,0,0,17,0,0,0,0,0,0,0,0,0,0,0,0,0,0,0,0,0,0,0,0,0,0,0,0,0,0,0,0,0,0,0,0,0,0,0,0,0,0,0,0,0,0,0,0,0,0,0,0,0,0,0,0,0,0,0,0,0,0,0,0,0,0,0,0,0,0,0,0,0,0,0,0,0,0,0,0,0,0,0,0,0,0,0,0,0,0,0,0,0,0,0,0,0,0,0,0,0,0,0,1
Botella01,x,0,-0.0628292099839822,0.650446811036793,0.164737901372022,-0.185784063140816,0.0648724763813569,0.747617972710731,0.0361274347043004,-0.0866975656544371,0.14173181367087,0.735732572555372,0.215982566708903,-0.308827986347126,1.33011736252978,0.340386129766228,0.111107529370344,0.198042036926705,0,0,0,0,0,0,0,0,0,0,0,0,0,0,0,0,0,0,0,0,0,0,0,0,0,0,0,0,0,0,0,0,0,0,0,0,0,0,0,0,0,0,0,0,0,0,0,0,0,0,0,0,0,0,0,0,0,0,0,0,0,0,0,0,0,0,0,0,0,0,0,0,0,0,0,0,0,0,0,0,0,0,0,0,0,0,0,0,0,0,0,0,0,0,0,0,0,0,0,0,0,0,0,0,0,0,0,0,0,0,0,0,1
Botella01,x,0,-0.0999245225039657,0.653203764972835,0.152564828247229,-0.165159590149518,0.0633372529190546,0.83453836107906,-0.0480186689733634,-0.180234576003603,0.20974199213916,0.83973485525101,0.168169963924929,-0.286067391083777,1.42129475699692,0.328031788302989,0.0534183248281472,0.339443668717727,0,0,0,0,0,0,0,0,0,0,0,0,0,0,0,0,0,0,0,0,0,0,0,0,0,0,0,0,0,0,0,0,5,0,0,0,0,0,0,0,0,0,0,0,0,0,0,0,0,0,0,0,0,0,0,0,0,0,0,0,0,0,0,0,0,0,0,0,0,0,0,0,0,0,0,0,0,0,0,0,0,0,0,0,0,0,0,0,0,0,0,0,0,0,0,0,0,0,0,0,0,0,0,0,0,0,0,0,0,0,0,0,1
Botella01,x,0,-0.0652580197673523,0.674933595358153,0.121583982422101,-0.0960569911387263,0.0695381935956381,0.754289279006483,0.0255248734712045,-0.0998899088632216,0.141657549245833,0.675142039124798,0.28906964601722,-0.229302829037656,1.35436242380248,0.347367734038611,0.0471262997223358,0.196967823692647,0,0,0,0,0,0,0,0,0,0,0,0,0,0,0,0,0,0,0,0,0,0,0,0,0,0,0,0,0,0,0,0,0,0,0,0,0,0,0,0,0,0,0,0,0,0,0,0,0,0,0,0,0,0,0,0,0,0,0,0,0,0,0,0,0,0,0,0,0,0,0,0,0,0,0,0,0,0,0,0,0,0,0,0,0,0,0,0,0,0,25,0,0,0,11,0,0,0,0,0,0,0,0,0,0,0,0,0,0,0,0,0,1
Botella01,x,0,-0.0608424867047395,0.614720916858172,0.101435183029555,-0.147450668493348,0.0561137434355578,0.679335076150601,0.0232031822120057,-0.129888876594312,0.123424532593365,0.619240437847524,0.269214807936297,-0.275916765085546,1.31837721042146,0.31437267204969,0.179874632109557,0.171606733206406,0,0,0,0,0,0,0,0,0,0,0,0,0,0,0,0,0,0,0,0,0,0,0,0,0,0,0,0,0,0,0,0,0,0,0,0,0,0,0,0,0,0,0,0,0,0,0,0,0,0,0,0,0,0,0,0,0,0,0,0,0,0,0,0,0,0,0,0,0,0,0,0,0,0,0,0,0,0,0,0,0,0,0,0,0,0,8,18,0,0,0,0,0,0,0,0,0,0,0,0,0,0,0,0,0,0,0,0,0,0,0,0,1
Botella01,x,0,-0.0896773009413268,0.654320776007388,0.104865528010471,-0.179092524847326,0.0541437331317355,0.798856520235734,-0.0342974559138327,-0.150639625579504,0.183085144046296,0.875581981841701,0.0918117537634152,-0.295387833327044,1.43039768742424,0.376869642361424,0.232005532823189,0.0449275620819524,0,0,0,0,0,0,0,0,0,0,0,0,0,0,0,0,0,0,0,0,0,0,0,0,0,0,0,0,0,0,0,0,9,0,0,0,0,0,0,0,0,0,0,0,0,0,0,0,0,0,0,0,0,0,0,0,0,0,0,0,0,0,0,0,0,0,0,0,0,0,0,0,0,0,0,0,0,0,0,0,0,0,0,0,0,0,0,0,0,0,0,0,0,0,0,0,0,0,0,0,0,0,0,0,0,0,0,0,0,0,0,0,1
Botella01,-z,0,-0.0143827799051814,0.611562286751882,0.216204890107928,-0.0996387611767324,0.0637282653197183,0.651414730725068,0.169571634745788,-0.140007297325328,0.158644419437674,0.866692929720699,0.139694902431713,-0.334847487805185,1.2996926566804,0.379946681336927,0.0932693391030577,0.122212789538196,0,0,0,0,0,0,0,5,0,0,0,0,0,0,0,0,0,0,0,0,0,0,0,0,0,0,0,0,0,0,0,0,0,0,0,0,0,0,0,0,0,0,0,0,0,0,0,0,0,0,0,0,0,0,0,0,0,0,0,0,0,0,0,0,0,0,0,0,0,0,0,0,0,0,0,0,0,0,0,0,0,0,0,0,0,23,3,0,0,0,0,0,0,0,0,0,0,0,0,0,0,0,0,0,0,0,0,0,0,0,0,0,1
Botella01,-z,30,0.0647556578720032,0.684226883565151,0.149035222458949,-0.140918277498058,0.0692034084008067,0.632719840144043,0.159772683232181,-0.161521539408007,0.144117095317389,0.756981865401264,0.18245593284111,-0.299715191866626,1.3191401583161,0.359370070094028,0.136362162516729,0.0959712923528517,0,0,0,0,0,0,0,0,0,0,0,0,0,0,0,0,0,0,0,0,0,0,0,0,0,0,0,0,0,0,0,0,0,0,0,0,0,0,0,0,0,0,0,0,0,0,0,0,0,0,0,0,0,0,0,0,0,0,0,0,0,0,0,0,0,0,0,0,0,0,0,0,0,0,0,0,0,0,0,0,0,0,0,0,0,28,0,0,0,0,0,0,0,0,0,0,0,0,0,0,0,0,0,0,0,0,0,0,0,0,0,0,1
Botella01,-z,60,0.0137387024083995,0.668934862143402,0.172066548806341,-0.170441558131844,0.0592004053676897,0.628271405283935,0.145896311216181,-0.141888984946445,0.142623955076908,0.771563077508652,0.196344049430843,-0.311569413808379,1.30090474628105,0.373737238346145,0.124309439593513,0.129592477000919,0,0,0,0,0,0,0,0,0,0,0,0,0,0,0,0,0,0,0,0,0,0,0,0,0,0,0,0,0,0,0,0,0,0,0,0,0,0,0,0,0,0,0,0,0,0,0,0,0,0,0,0,0,0,0,0,0,0,0,0,0,0,0,0,0,0,0,0,0,0,0,0,0,0,0,0,0,0,0,0,0,0,0,0,0,0,0,0,0,0,0,0,0,0,0,0,0,0,0,0,0,0,0,0,0,0,0,0,0,0,0,0,1
Botella01,-z,90,-0.00217666069904527,0.521190259607298,0.251909629427077,-0.0652530421864664,0.0485595422250021,0.567932119676943,0.212858031687457,-0.102766712594018,0.175385154491247,0.7914532459649,0.2096326359574,-0.328963387122934,1.27831802221554,0.435547698456608,0.197639829233492,0.0209434190222624,0,0,0,0,0,0,0,0,0,0,0,0,0,0,0,0,0,0,0,0,0,0,0,0,0,0,0,0,0,0,0,0,0,0,0,0,0,0,0,0,0,0,0,0,0,0,0,0,0,0,0,0,0,0,0,0,0,0,0,0,0,0,0,0,0,0,0,0,0,0,0,0,0,0,0,0,0,0,0,0,0,0,0,0,0,17,3,0,0,0,0,0,0,0,0,0,0,0,0,0,0,0,0,0,0,0,0,0,0,0,0,0,1
Botella01,-z,0,-0.0698705119842405,0.506010305264932,0.232487304289162,-0.0279396825081972,0.0259954479448187,0.551054761720901,0.252963285118873,-0.0846719023248176,0.171131374974938,0.846067082785975,0.202726952169161,-0.325919310427441,1.24886849657603,0.395791963398477,0.233179014667709,0.0198997605398414,0,0,0,0,0,0,0,0,0,0,0,0,0,0,5,0,0,0,0,0,0,0,0,0,0,0,0,0,0,0,0,0,0,0,0,0,0,0,0,0,0,0,0,0,0,0,0,0,0,0,0,0,0,0,0,0,0,0,0,0,0,0,0,0,0,0,0,0,0,0,0,0,0,0,0,0,0,0,0,0,0,0,0,0,0,0,0,0,0,0,0,0,0,0,0,0,0,0,0,0,0,0,0,0,0,0,0,0,0,0,0,0,1
Botella02,x,45,-0.0851412076130696,0.694648061635843,0.19532668293136,-0.124087360791321,0.0923581217950092,0.844981862355788,-0.0435036288376102,-0.0818533319367779,0.147669312153947,0.775393367225009,0.264180901202508,-0.270332477095256,1.40257544756357,0.39860892933581,0.309051500288003,0.119517494647961,0,0,0,0,0,0,0,0,0,0,0,0,0,0,0,0,0,0,0,0,0,0,0,0,0,0,0,0,0,0,0,0,0,0,0,0,0,0,0,0,0,0,0,0,0,0,0,0,0,0,0,0,0,0,0,0,0,0,0,0,0,0,0,0,0,0,0,0,0,0,0,0,0,0,0,0,0,0,0,0,0,0,0,0,0,0,0,0,0,0,0,0,0,0,0,0,0,0,11,0,0,0,0,0,0,0,0,0,0,0,0,0,2
Botella02,x,90,-0.120760108092339,0.652509255564362,0.200665521372194,-0.104048328236413,0.0851504969113413,0.793488197435097,0.0116133574969998,-0.0818469561956098,0.143761131190405,0.773845167817548,0.276074345950495,-0.230061053324242,1.3176788213917,0.365933304083921,0.296931996787491,0.174795098804278,0,0,0,0,0,0,0,0,0,0,0,0,0,0,0,0,0,0,0,0,0,0,0,0,0,0,0,0,0,0,0,0,0,0,0,0,0,0,0,0,0,0,0,0,0,0,0,0,0,0,0,0,0,0,0,0,0,0,0,0,0,0,0,0,0,0,0,0,0,0,0,0,0,0,0,0,0,0,0,0,0,0,0,0,0,4,7,0,0,0,8,0,0,0,0,0,0,0,0,0,0,0,0,0,0,0,0,0,0,0,0,0,2
Botella02,x,45,-0.0711220055025795,0.654361295286656,0.149584142527834,-0.142061453268581,0.0811911306888578,0.756365132756951,0.0141318826498024,-0.106008483948645,0.147543382631404,0.725114686219626,0.211076286697648,-0.350147444011683,1.36942513179409,0.379110897078794,0.278089820432937,0.14718246370964,0,0,0,0,0,0,0,0,0,0,0,0,0,0,0,0,0,0,0,0,0,0,0,0,0,0,0,0,0,0,0,0,0,0,0,0,0,0,0,0,0,0,0,0,0,0,0,0,0,0,0,0,0,0,0,0,0,0,0,0,0,0,0,0,0,0,0,0,0,0,0,0,0,0,0,0,0,0,0,0,0,0,0,0,0,0,7,4,0,0,4,0,0,0,0,0,0,0,0,0,0,0,0,0,0,0,0,0,0,0,0,0,2
Botella02,x,90,-0.111426317037116,0.659297302735162,0.233258868769905,-0.12384188596607,0.08670776756657,0.830772985384319,0.00120601500031381,-0.110907914089199,0.145896254617835,0.828492314108956,0.194775958469689,-0.262158199094273,1.3214990823945,0.365499738721239,0.207346722924012,0.244000535674098,0,0,0,0,0,0,0,0,0,0,0,0,0,0,0,0,0,0,0,0,0,0,0,0,0,0,0,0,0,0,0,0,0,0,0,0,0,0,0,0,0,0,0,0,0,0,0,0,0,0,0,0,0,0,0,0,0,0,0,0,0,0,0,0,0,0,0,0,0,0,0,0,0,0,0,0,0,0,0,0,0,0,0,0,0,3,4,0,0,0,9,0,0,0,0,0,0,0,0,0,0,0,0,0,0,0,0,0,0,0,0,0,2
Botella02,x,0,-0.0620806528933553,0.733856094574707,0.136741590951496,-0.115645563756562,0.0897533172238232,0.884876016134379,-0.048833162049938,-0.110015470363226,0.145821075691652,0.865456495604375,0.147652353104095,-0.288639055522439,1.38452319462533,0.36401918699934,0.218993005235746,0.18952933152078,0,0,0,0,0,0,0,0,0,0,0,0,0,0,0,0,0,0,0,0,0,0,0,0,0,0,0,0,0,0,0,0,0,0,0,0,0,0,0,0,0,0,0,0,0,0,0,0,0,0,0,0,0,0,0,0,0,0,0,0,0,0,0,0,0,0,0,0,0,0,0,0,0,0,0,0,0,0,0,0,0,0,0,0,0,0,0,0,0,0,0,0,0,0,0,0,0,0,0,0,0,0,0,0,0,0,0,0,0,0,0,0,2
Botella02,z,0,-0.0372884019939517,0.672166612695535,0.257667775231043,-0.162995169436448,0.0860553131409722,0.789247663816628,-0.0122116238516988,-0.106751920873734,0.0967967157578582,0.878057239147262,0.232853674241567,-0.287762979682436,1.32088005371557,0.331529834263253,0.28556133036988,0.0741678477545984,0,0,0,0,0,0,0,0,0,0,0,0,0,0,0,0,0,0,0,0,0,0,0,0,0,0,0,0,0,0,0,0,0,0,0,0,0,0,0,0,0,0,0,0,0,0,0,0,0,0,0,0,0,0,0,0,0,0,0,0,0,0,0,0,0,0,0,0,0,0,0,0,0,0,0,0,0,0,0,0,0,0,0,0,0,0,0,0,0,0,0,0,0,0,0,0,0,23,0,0,0,0,0,0,0,0,0,0,0,0,0,0,2
Botella02,z,45,-0.0580011175785601,0.668766728949671,0.180132369743441,-0.161832290279403,0.0697103391596237,0.782306978371853,0.0119126523551973,-0.0614263867423812,0.148252278495094,0.934050339174142,0.205067457198066,-0.298593950451786,1.30208444406243,0.314961349683428,0.263937966715885,0.106018723140128,0,0,0,0,0,0,0,0,0,0,0,0,0,0,0,0,0,0,0,0,0,0,0,0,0,0,0,0,0,0,0,0,0,0,0,0,0,0,0,0,0,0,0,0,0,0,0,0,0,0,0,0,0,0,0,0,0,0,0,0,0,0,0,0,0,0,0,0,0,0,0,0,0,0,0,0,0,0,0,0,0,0,0,0,0,0,0,0,0,0,0,0,0,4,7,0,0,0,0,0,0,0,0,0,0,0,0,0,0,0,0,0,2
Botella02,z,90,0.0061718031992592,0.712915837694358,0.158815860331982,-0.173574662792422,0.0460443384908321,0.524136935788323,0.104853919018557,-0.0244645565002984,0.151410945338521,0.797949486590581,0.253520615928272,-0.300388554978171,1.35221705504657,0.346904713323973,0.23433638029135,-0.0110007357864096,0,0,0,0,0,0,0,0,0,0,0,0,0,0,0,0,0,0,0,0,0,0,0,0,0,0,0,0,0,13,0,0,0,0,0,0,0,0,0,0,0,0,0,0,0,0,0,0,0,0,0,0,0,0,0,0,0,0,0,0,0,0,0,0,0,0,0,0,0,0,0,0,0,0,0,0,0,0,0,0,0,0,0,0,0,0,0,0,0,0,0,0,0,0,0,0,0,0,0,0,0,0,0,0,0,0,0,0,0,0,0,0,2
Botella02,z,0,-0.0552485528354662,0.676930074300583,0.226531192744081,-0.145508119634587,0.0896105776669032,0.795742170775479,-0.0193771406936988,-0.112445234548939,0.135301623334846,0.851613866076696,0.257309765775032,-0.279620346100527,1.32062391272618,0.346791988698428,0.271302724834767,0.0914596407658435,0,0,0,0,0,0,0,0,0,0,0,0,0,0,0,0,0,0,0,0,0,0,0,0,0,0,0,0,0,0,0,0,0,0,0,0,0,0,0,0,0,0,0,0,0,0,0,0,0,0,0,0,0,0,0,0,0,0,0,0,0,0,0,0,0,0,0,0,0,0,0,0,0,0,0,0,0,0,0,0,0,0,0,0,0,0,0,0,0,0,0,0,0,0,0,0,0,22,0,0,0,0,0,0,0,0,0,0,0,0,0,0,2
Botella02,z,45,-0.0589446587267698,0.655211283450993,0.223249081681365,-0.173282272914971,0.0649055301793424,0.766604609189669,0.0265371911260883,-0.0678552116309871,0.146211969397569,0.926019041341576,0.209101479751904,-0.308584040579935,1.30395630580006,0.318415333049967,0.267993219113863,0.0953397445251373,0,0,0,0,0,0,0,0,0,0,0,0,0,0,0,0,0,0,0,0,0,0,0,0,0,0,0,0,0,0,0,0,0,0,0,0,0,0,0,0,0,0,0,0,0,0,0,0,0,0,0,0,0,0,0,0,0,0,0,0,0,0,0,0,0,0,0,0,0,0,0,0,0,0,0,0,0,0,0,0,0,0,0,0,0,0,0,0,0,0,0,0,0,7,12,0,0,0,0,0,0,0,0,0,0,0,0,0,0,0,0,0,2
Botella02,z,90,-0.0155499529294637,0.748657585473586,0.146289517007957,-0.1853119549447,0.106873666546367,0.621897866714171,0.116332520901129,-0.130272569257455,0.0824304991371452,0.774967258019636,0.362507705154614,-0.297563283348499,1.32290216367667,0.325044187248772,0.231260638032383,0.00305866499726251,0,0,0,0,0,0,0,0,0,0,0,0,0,0,0,0,0,0,0,0,0,0,0,0,0,0,0,0,0,0,0,0,0,0,0,0,0,0,0,0,0,0,0,0,0,0,0,0,0,0,0,0,0,0,0,0,0,0,0,0,0,0,0,0,0,0,0,0,0,0,0,0,0,0,0,0,0,0,0,0,0,0,0,0,0,0,0,0,0,0,0,0,0,0,0,0,0,0,0,0,0,0,0,0,0,0,0,0,0,0,0,0,2
Botella02,z,90,0.0521468746406079,0.728313043821812,0.163299692922162,-0.192401517956755,0.0559175532962993,0.478745320564843,0.176692605478216,-0.093091478647526,0.156238316442529,0.687706571410683,0.22434732939722,-0.262366800826684,1.37283148664412,0.36213620395159,0.248681006641819,-0.012930177366884,0,0,0,0,0,0,0,0,0,0,0,0,0,0,0,0,0,0,0,0,0,0,0,0,0,0,0,0,0,0,17,0,0,0,6,0,0,0,0,0,0,0,0,0,0,0,0,0,0,0,0,0,0,0,0,0,0,0,0,0,0,0,0,0,0,0,0,0,0,0,0,0,0,0,0,0,0,0,0,0,0,0,0,0,0,0,0,0,0,0,0,0,0,0,0,0,0,0,0,0,0,0,0,0,0,0,0,0,0,0,0,0,2
Botella02,z,0,-0.0170548837899252,0.666845534309921,0.237454813411402,-0.157959304889806,0.0889113644508674,0.785133758402133,0.00887168912100222,-0.108963085562769,0.154922561630069,0.868964283149884,0.23813049813922,-0.289533076956836,1.32839281972299,0.344847534215266,0.265282024674311,0.0897589504752558,0,0,0,0,0,0,0,0,0,0,0,0,0,0,0,0,0,0,0,0,0,0,0,0,0,0,0,0,0,0,0,0,0,0,0,0,0,0,0,0,0,0,0,0,0,0,0,0,0,0,0,0,0,0,0,0,0,0,0,0,0,0,0,0,0,0,0,0,0,0,0,0,0,0,0,0,0,0,0,0,0,0,0,0,0,0,0,0,0,0,0,0,0,0,0,0,0,27,0,0,0,0,0,0,0,0,0,0,0,0,0,0,2
Botella02,x,0,-0.0706166286383854,0.748901658849753,0.0659589426022672,-0.188242406163955,0.0860702676170376,0.850619281867223,-0.0273815906194576,-0.165110401991651,0.150434979913636,0.853392664808759,0.106436105873533,-0.327822121310929,1.39992238815239,0.328053699211464,0.28240658818748,0.351441620491621,0,0,0,0,0,0,0,0,0,0,0,0,0,0,0,0,0,0,0,0,0,0,0,0,0,0,0,0,0,0,0,0,0,0,0,0,0,0,0,0,0,0,0,0,0,0,0,0,0,0,0,0,0,0,0,0,0,0,0,0,0,0,0,0,0,0,0,0,0,0,0,0,0,0,0,0,0,0,0,0,0,0,0,0,0,0,0,0,0,0,0,0,0,0,0,0,0,0,0,0,0,0,0,0,0,0,0,0,0,0,0,0,2
Botella02,x,45,-0.11965609866968,0.710138292116459,0.168509875464966,-0.131174227545952,0.086474771737432,0.853520441325795,-0.00198938537503124,-0.120039744447539,0.148474583965202,0.861089372236234,0.20722101550546,-0.27379374540115,1.3643676412255,0.350436298519635,0.311228879356676,0.170135710560085,0,0,0,0,0,0,0,0,0,0,0,0,0,0,0,0,0,0,0,0,0,0,0,0,0,0,0,0,0,0,0,0,0,0,0,0,0,0,0,0,0,0,0,0,0,0,0,0,0,0,0,0,0,0,0,0,0,0,0,0,0,0,0,0,0,0,0,0,0,0,0,0,0,0,0,0,0,0,0,0,0,0,0,0,0,0,0,0,0,0,0,0,0,0,0,0,0,0,0,0,0,0,0,0,0,0,0,0,0,0,0,0,2
Caja01,x,0,-0.126190620434089,0.690737948458527,0.143098986319456,-0.127826684611867,0.0893378886772689,0.825365082854637,0.00173523457922276,-0.120646131278601,0.15560405003383,0.863655071913127,0.182776699875961,-0.272405495385933,1.32195874559928,0.363611864189447,0.217353143610726,0.0897346684570231,0,0,0,0,0,0,0,0,0,0,0,0,4,0,0,0,0,0,0,0,0,0,0,0,0,0,0,0,0,0,0,0,0,0,0,0,0,0,0,0,0,0,0,0,0,0,0,0,0,0,0,0,0,0,0,0,0,0,0,0,0,0,0,0,0,0,0,0,0,0,0,0,0,0,0,0,0,0,0,0,0,0,0,0,0,3,3,0,0,0,0,0,0,0,0,0,0,0,0,0,0,0,0,0,0,0,0,0,0,0,0,0,3
Caja01,x,45,-0.0459889468370394,0.540384476205001,0.251062523851944,-0.0494313693223442,0.00933560688140757,0.472047500877634,0.265150390376599,-0.0100005859604436,0.144447234071224,0.690996011112307,0.213026223908688,-0.284731937940039,1.3594430401307,0.235627182817726,0.239698493097334,0.0230721816169694,0,0,0,0,0,0,0,0,0,0,0,0,0,0,0,0,0,0,0,0,0,0,0,0,0,0,0,0,0,0,0,0,0,0,0,0,0,0,0,0,0,0,0,0,0,0,0,0,0,0,0,0,0,0,0,0,0,0,0,0,0,0,0,0,0,0,0,0,0,0,0,0,0,0,0,0,0,0,0,0,0,0,0,0,0,0,0,0,0,0,0,0,0,0,0,0,0,0,0,0,0,0,0,0,0,0,0,0,0,0,0,0,3
Caja01,x,90,-0.0183991441948697,0.426834061247178,0.251582837196035,-0.00783190867180628,0.00539193301146768,0.314808023563652,0.00101431972950866,-0.116104023036882,0.185709839626941,0.949674521293731,0.170426148674109,-0.320855321963898,1.38807040751581,0.322505048048642,0.26289455576899,0.0519946221248951,0,0,0,0,0,0,0,0,0,0,0,0,0,0,0,0,0,0,0,0,0,0,0,0,0,0,0,0,0,30,12,0,0,0,0,0,0,0,0,0,0,0,0,0,0,0,0,0,0,0,0,0,0,0,0,0,0,0,0,0,0,0,0,0,0,0,0,0,0,0,0,0,0,0,0,0,0,0,0,0,0,0,0,0,0,0,0,0,0,0,0,0,0,0,0,0,0,0,0,0,0,0,0,0,0,0,0,0,0,0,0,0,3
Caja01,x,90,-0.025838839527175,0.371909907510842,-0.0200285866102703,-0.0126306098951851,0.0156092846703182,0.380757998750835,0.0215417614946077,0.115290486203211,0.224027936550112,0.979462801814447,0.14493620548267,-0.328980384275163,1.37597676884556,0.297326251882342,0.0953830195788548,0.00357135818352715,0,0,0,0,0,0,0,0,0,0,0,0,0,17,29,0,0,0,0,0,0,0,0,0,0,0,0,0,0,0,0,0,0,0,0,0,0,0,0,0,0,0,0,0,0,0,0,0,0,0,0,0,0,0,0,0,0,0,0,0,0,0,0,0,0,0,0,0,0,0,0,0,0,0,0,0,0,0,0,0,0,0,0,0,0,0,0,0,0,0,0,0,0,0,0,0,0,0,0,0,0,0,0,0,0,0,0,0,0,0,0,0,3
Caja01,x,90,-0.0207104127839391,0.464056823867307,0.233528440067159,0.0571952389754752,0.00970899366157479,0.377595246400425,-0.0135656123928432,0.0603328503636367,0.193561577734828,0.995104303041558,0.159894363936669,-0.337045681863626,1.34426322090234,0.340256256321505,0.150044624567151,0.0166756615877459,0,0,0,0,0,0,0,0,0,0,0,0,3,0,0,0,0,0,0,0,0,0,0,0,0,0,0,0,0,0,0,0,0,0,0,0,0,0,0,0,4,14,0,0,0,0,0,0,0,0,0,0,0,0,0,0,0,0,0,0,0,0,0,0,0,0,0,0,0,0,0,0,0,0,0,0,0,0,0,0,0,0,0,0,0,0,0,0,0,0,0,0,0,0,0,0,0,0,0,0,0,0,0,0,0,0,0,0,0,0,0,0,3
Caja01,x,90,0.00160781177410309,0.464354449061358,0.22129185595155,0.0603227944637542,0.026459471092954,0.370371366475774,-0.0135965004409049,0.118932101783861,0.0994840809945743,0.504003027830295,0.175608220533146,-0.177673950357141,1.34223165868228,0.366221289855121,0.145996685652483,0.0260001006724009,0,0,0,0,0,0,0,0,0,0,0,0,3,0,0,0,0,0,0,0,0,0,0,0,0,0,0,0,0,0,0,0,0,0,0,0,0,0,0,0,43,12,0,0,0,0,0,0,0,0,0,0,0,0,0,0,0,0,0,0,0,0,0,0,0,0,0,0,0,0,0,0,0,0,0,0,0,0,0,0,0,0,0,0,0,0,0,0,0,0,0,0,0,0,0,0,0,0,0,0,0,0,0,0,0,0,0,0,0,0,0,0,3
Caja01,x,90,0.0158723731127061,0.466636771363959,0.168546833516293,0.09650809383097,0.0173424275778744,0.341356545952618,0.0200938145846972,0.046667155580573,0.103186321026792,0.488217409741979,0.232841957635107,-0.323208682048946,1.32915258044633,0.3706349240333,0.173966582483105,0.0518741206404956,0,0,0,0,0,0,0,0,0,0,0,0,3,0,0,0,0,0,0,0,0,0,0,0,0,0,0,0,0,0,0,0,0,0,0,0,0,0,0,0,0,6,0,0,0,0,0,0,0,0,0,0,0,0,0,0,0,0,0,0,0,0,0,0,0,0,0,0,0,0,0,0,0,0,0,0,0,0,0,0,0,0,0,0,0,0,0,0,0,0,0,0,0,0,0,0,0,0,0,0,0,0,0,0,0,0,0,0,0,0,0,0,3
Caja01,x,45,0.0668930334444784,0.81176218503098,0.0926315640686435,-0.173025740195929,0.0510385506777961,0.414896235221063,0.250825623126068,0.102113563462412,0.0701468407006862,0.497229551216209,0.425720770013787,-0.156510960548835,1.24713936196773,0.288112758372978,0.130333160995418,0.0711301149126433,0,0,0,0,0,0,0,0,0,0,0,0,0,0,0,0,0,0,0,0,0,0,0,0,0,0,0,0,0,0,0,0,0,0,0,0,0,0,0,0,0,0,0,0,0,0,0,0,0,0,0,0,0,0,0,0,0,0,0,0,0,0,0,0,0,0,0,0,0,0,0,0,0,0,0,0,0,0,0,0,0,0,0,0,0,0,0,0,0,0,0,0,0,0,0,0,0,0,0,0,0,0,0,0,0,0,0,0,0,0,0,0,3
Caja01,x,45,-0.0101676136560026,0.465402543535322,0.176928004166697,0.0576709476657464,0.00545785913198544,0.351941363897936,0.0228849180872093,-0.00207496398122503,0.101422325507957,0.546022871991599,0.141497116396608,-0.182674056916373,1.31868906990169,0.341202218266256,0.144309580298216,0.0803332754189252,0,0,0,0,0,0,0,0,0,0,0,0,3,0,0,0,0,0,0,0,0,0,0,0,0,0,0,0,0,0,0,0,0,0,0,0,0,0,0,0,6,15,0,0,0,0,0,0,0,0,0,0,0,0,0,0,0,0,0,0,0,0,0,0,0,0,0,0,0,0,0,0,0,0,0,0,0,0,0,0,0,0,0,0,0,0,0,0,0,0,0,0,0,0,0,0,0,0,0,0,0,0,0,0,0,0,0,0,0,0,0,0,3
Caja01,y,0,-0.15288333027676,0.546270860196474,0.104596266701708,-0.190086691898305,0.0394650332084842,0.631827536754837,0.0348082417147552,-0.154374454929773,0.0474998903076635,0.629585358067605,0.229010288570993,-0.284066574225606,1.20415681207696,0.167728561377238,0.0632148296090026,0.146550233160227,0,0,0,0,0,0,0,0,0,0,0,0,0,0,0,0,0,0,0,0,0,0,0,0,0,0,0,0,5,0,0,0,0,0,0,0,0,0,0,0,0,0,0,0,0,0,0,0,0,0,0,0,0,0,0,0,0,0,0,0,0,0,0,0,0,0,0,0,0,0,0,0,0,0,0,0,0,0,0,0,0,0,0,0,0,0,0,0,0,4,0,0,0,0,0,0,0,11,0,0,0,0,0,0,0,0,0,0,0,0,0,0,3
Caja01,y,0,-0.116465218328844,0.563053405421597,0.0601251665578356,-0.173023734849193,0.0507001502731418,0.631122919913247,0.0350721087668168,-0.131155572065545,0.10790708976187,0.61939265847373,0.250373461140927,-0.295700134397796,1.22192502887774,0.249254359123688,0.0330851282744707,0.162257638622151,0,0,0,0,0,0,0,0,0,0,0,0,0,0,0,0,0,0,0,0,0,0,0,0,0,0,0,0,0,0,0,0,0,0,0,0,0,0,0,0,0,0,0,0,0,0,0,0,0,0,0,0,0,0,0,0,0,0,0,0,0,0,0,0,0,0,0,0,0,0,0,0,0,0,0,0,0,0,0,0,0,0,0,0,0,0,0,0,0,9,4,0,0,8,0,0,0,4,0,0,0,0,0,0,0,0,0,0,0,0,0,0,3
Caja01,y,0,-0.0838864975720955,0.539039365405642,0.107761129536884,-0.183890504562231,0.0478795029761509,0.630100047043532,0.033716509799406,-0.133860636894821,0.0979286402223569,0.597710200166782,0.291602232554075,-0.263775317980565,1.25672562334967,0.345371477091883,0.00901883365828757,0.190656964602264,0,0,0,0,0,0,0,0,0,0,0,0,0,3,0,0,0,0,0,0,0,0,0,0,0,0,0,0,0,0,0,0,0,0,0,0,0,0,0,0,0,0,0,0,0,0,0,0,0,0,0,0,0,0,0,0,0,0,0,0,0,0,0,0,0,0,0,0,0,0,0,0,0,0,0,0,0,0,0,0,0,0,0,0,0,5,3,0,0,6,6,0,0,0,0,0,0,0,0,0,0,0,0,0,0,0,0,0,0,0,0,0,3
Caja01,z,0,-0.10776100517076,0.605375820162229,0.214796570680893,-0.146524315432581,0.0642970359760576,0.746169493221038,0.0491690808078791,-0.116130174776404,0.143389392505923,0.738396823398634,0.308708140515529,-0.221317894212179,1.30789634789794,0.339833902469981,0.275808390584854,0.145506870508201,0,0,0,0,0,0,0,0,0,0,0,0,4,0,0,0,0,0,0,0,0,0,0,0,0,0,0,0,0,0,0,0,0,0,0,0,0,0,0,0,0,0,0,0,0,0,0,0,0,0,0,0,0,0,0,0,0,0,0,0,0,0,0,0,0,0,0,0,0,0,0,0,0,0,0,0,0,0,0,0,0,0,0,0,0,0,0,0,0,0,0,0,0,0,0,0,0,0,0,0,0,0,0,0,0,0,0,0,0,0,0,0,3
Caja01,z,0,-0.117347000377392,0.629057670134198,0.118680680475054,-0.139184424684806,0.0779008445735101,0.706335115272306,0.0716599298482511,-0.101127031629639,0.14264057467653,0.677983406445061,0.321997471961529,-0.185719257963726,1.2898330297344,0.367886598591536,0.3087739551298,0.0884448962664888,0,0,0,0,0,0,0,0,0,0,0,0,0,0,0,0,0,0,0,0,0,0,0,0,0,0,0,0,0,0,0,0,0,0,0,0,0,0,0,0,0,0,0,0,0,0,0,0,0,0,0,0,0,0,0,0,0,0,0,0,0,0,0,0,0,0,0,0,0,0,0,0,0,0,0,0,0,0,0,0,0,0,0,0,0,0,0,0,0,0,0,0,0,0,0,0,0,0,0,0,0,0,0,0,0,0,0,0,0,0,0,0,3
Caja01,z,0,-0.0870892774860677,0.657792518431634,0.160576143879147,-0.144758235960706,0.0735902983353635,0.781490698349643,0.0409670623092863,-0.079544320349027,0.138642837715632,0.767512381868526,0.322901911689654,-0.232971089459561,1.31467719215919,0.369968062205282,0.211109559959787,0.208926164613643,0,0,0,0,0,0,0,0,0,0,0,0,0,0,0,0,0,0,0,0,0,0,0,0,0,0,0,0,0,0,0,0,0,0,0,0,0,0,0,0,0,0,0,0,0,0,0,0,0,0,0,0,0,0,0,0,0,0,0,0,0,0,0,0,0,0,0,0,0,0,0,0,0,0,0,0,0,0,0,0,0,0,0,0,0,3,6,0,0,0,0,0,0,0,0,0,0,0,0,0,0,0,0,0,0,0,0,0,0,0,0,0,3
Cilindro01,x,0,-0.121582471284359,0.516994105750817,0.102297918126692,-0.189570446896372,0.0521301048294758,0.607036639359715,0.041859191198537,-0.15855716458763,0.135986430200545,0.575679874199823,0.265623834953385,-0.236654352525505,1.25155295570975,0.329314323536142,0.202715343785143,0.111376951850002,0,0,0,0,0,0,0,0,0,0,0,0,0,0,0,0,0,0,0,0,0,0,0,0,0,0,0,0,0,0,0,0,0,0,0,0,0,0,0,0,0,0,0,0,0,0,0,0,0,0,0,0,0,0,0,0,0,0,0,0,0,0,0,0,0,0,0,0,0,0,0,0,0,0,0,0,0,0,0,0,0,0,0,0,0,0,7,0,0,0,11,0,0,0,0,0,0,0,0,0,0,0,0,0,0,0,0,0,0,0,0,0,4
Cilindro01,x,45,-0.0103901158423943,0.517493364481563,0.103773818284193,-0.152858979243071,0.0420482807964759,0.552708843925129,-0.00270302651450849,-0.130862825137844,0.103096656516909,0.513535510081634,0.157863060957459,-0.28104583654145,1.35721408077882,0.366910002831817,0.233714202275458,0.108621403376094,0,0,0,0,0,0,3,0,0,0,0,0,0,0,5,0,0,0,0,0,0,0,0,0,0,0,0,0,0,0,0,0,0,0,0,0,0,0,0,0,0,0,0,0,0,0,0,0,0,0,0,0,0,0,0,0,0,0,0,0,0,0,0,0,0,0,0,0,0,0,0,0,0,0,0,0,0,0,0,0,0,0,0,0,0,0,5,0,0,0,0,18,0,0,0,7,0,0,0,0,0,0,0,0,0,0,0,0,0,0,0,0,4
Cilindro01,x,0,-0.0820737260217402,0.547537283639689,0.0825737393967643,-0.163061114339306,0.0418305282748576,0.62643473354709,0.0159452316220391,-0.10825879255797,0.130297439794735,0.566933882411246,0.297126024878031,-0.261281131111954,1.27072066054779,0.294976632238522,0.154345561413869,0.10051619839595,0,0,0,0,0,0,0,0,0,0,0,0,0,0,0,0,0,0,0,0,0,0,0,0,0,0,0,0,0,0,0,0,0,0,0,0,0,0,0,0,0,0,0,0,0,0,0,0,0,0,0,0,0,0,0,0,0,0,0,0,0,0,0,0,0,0,0,0,0,0,0,0,0,0,0,0,0,0,0,0,0,0,0,0,0,0,3,0,0,0,30,0,0,0,0,0,0,0,0,0,0,0,0,0,0,0,0,0,0,0,0,0,4
Cilindro01,x,45,-0.00550668501119034,0.551091386263503,0.0621141362158759,-0.190292949928371,0.0543641671295057,0.527157310701844,0.0361172472530987,-0.139367669471341,0.095570270532466,0.499980032322353,0.181455415329786,-0.246827524281291,1.3605323595475,0.37303547949008,0.202064538226697,0.0642654408142315,0,0,0,0,0,0,0,0,0,0,0,0,0,0,0,0,0,0,0,0,0,0,0,0,0,0,0,0,0,0,0,0,0,0,0,0,0,0,0,0,0,0,0,0,0,0,0,0,0,0,0,0,0,0,0,0,0,0,0,0,0,0,0,0,0,0,0,0,0,0,0,0,0,0,0,0,0,0,0,0,0,0,0,0,0,0,0,7,0,0,0,0,0,0,0,0,0,0,0,0,0,0,0,0,0,0,0,0,0,0,0,0,4
Cilindro01,x,0,-0.122978315476087,0.551397304067492,0.0846526751563849,-0.166314070832693,0.0488393375134645,0.628987496210141,0.0409688445737485,-0.136241261953698,0.122460759640358,0.568388893027842,0.32211050043172,-0.296618512273335,1.25280670386857,0.300400330859637,0.160250521430939,0.0955963456172408,0,0,0,0,0,0,0,0,0,0,0,0,0,3,0,0,0,0,0,0,0,0,0,0,0,0,0,0,0,0,0,0,0,0,0,0,0,0,0,0,0,0,0,0,0,0,0,0,0,0,0,0,0,0,0,0,0,0,0,0,0,0,0,0,0,0,0,0,0,0,0,0,0,0,0,0,0,0,0,0,0,0,0,0,0,0,0,0,0,0,17,0,0,0,7,0,0,0,0,0,0,0,0,0,0,0,0,0,0,0,0,0,4
Cilindro01,x,45,0.00436670822713564,0.558906006850922,0.0775944214297642,-0.197931899608477,0.0634028411865975,0.533321340079007,0.00588318367603169,-0.163539677283423,0.0861181591571438,0.503211465634279,0.147156048096189,-0.265287206319506,1.39410436011649,0.303505927555777,0.128998605313996,0.134041786408941,0,0,0,0,0,0,0,0,0,0,0,0,0,0,0,0,0,0,0,0,0,0,0,0,0,0,0,0,0,0,0,0,0,0,0,0,0,0,0,0,0,0,0,0,0,0,0,0,0,0,0,0,0,0,0,0,0,0,0,0,0,0,0,0,0,0,0,0,0,0,0,0,0,0,0,0,0,0,0,0,0,0,0,0,0,0,0,0,0,0,0,0,0,0,0,22,0,0,0,10,0,0,0,0,0,0,0,0,0,0,0,0,4
Cilindro01,z,0,-0.0446351818148529,0.501811992550111,0.188747687011107,-0.0572643639889177,0.0198725110065361,0.513801901444549,0.181971431739353,-0.0286580940513259,0.105996476669613,0.679412808310703,0.358975664200811,-0.201555877308098,1.21025314516797,0.335116945977712,0.212246184509561,0.0143053884626254,0,0,0,0,0,0,0,0,0,0,0,0,0,0,3,0,0,0,0,0,0,0,0,0,0,0,0,0,0,0,0,0,3,0,0,0,0,0,0,0,0,0,0,0,0,0,0,0,0,0,0,0,0,0,0,0,0,0,0,0,0,0,0,0,0,0,0,0,0,0,0,0,0,0,0,0,0,0,0,0,0,0,0,0,27,0,0,0,0,0,0,0,0,0,0,0,0,0,0,0,0,0,0,0,0,0,0,0,0,0,0,0,4
Cilindro01,z,0,-0.0269695038801403,0.578979012353731,0.240601192552176,-0.16137876078946,0.00898451886432737,0.631145355318693,0.100150315725642,-0.0939253705656599,0.0481642812159234,0.77926982096527,0.301361788928374,-0.249931932207977,1.16979003391516,0.318594360335359,0.181637536613747,0.0480580402793186,0,0,0,0,0,0,0,0,0,0,0,0,0,0,0,0,0,0,0,0,0,0,0,0,0,0,0,0,0,4,0,0,0,0,0,0,0,0,0,0,0,0,0,0,0,0,0,0,0,0,0,0,0,0,0,0,0,0,0,0,0,0,0,0,0,0,0,0,0,0,0,0,0,0,0,0,0,0,0,0,0,0,0,0,10,0,0,0,5,0,0,0,0,0,0,0,0,0,0,0,0,0,0,0,0,0,0,0,0,0,0,0,4
Cilindro01,z,0,-0.0251554807231808,0.475286435595516,0.141513253307053,-0.0771215298949208,0.0119519637943557,0.478615773255958,0.13785276279126,-0.0322108454257003,0.136268766885682,0.639588480796458,0.338500222424978,-0.178870516546771,1.29928593974328,0.378743516248011,0.188337796509396,0.00148854315991312,0,0,0,0,0,0,0,0,0,0,0,0,0,0,4,3,0,0,0,0,0,0,0,0,0,0,0,0,0,0,0,0,0,0,0,0,0,0,0,0,3,0,0,0,0,0,0,0,0,0,0,0,0,0,0,0,0,0,0,0,0,0,0,0,0,0,0,0,0,0,0,0,0,0,0,0,0,0,0,0,0,0,0,0,0,0,0,0,0,0,0,0,0,0,0,0,0,0,0,0,0,0,0,0,0,0,0,0,0,0,0,0,4
Cilindro01,z,0,-0.0332904900535808,0.559315773568822,0.238047465324248,-0.15761671310445,0.00741456111377996,0.63046116569435,0.0838521102559432,-0.0592148224971454,0.105172015732556,0.757656524272996,0.343348073772535,-0.253633329081308,1.14243640376747,0.335938483690861,0.219676090801408,0.00412622172800897,0,0,0,0,0,0,0,0,0,0,0,0,0,0,0,0,0,0,0,0,0,0,0,0,0,0,0,0,7,0,0,0,0,0,0,0,0,0,0,0,0,0,0,0,0,0,0,0,0,0,0,0,0,0,0,0,0,0,0,0,0,0,0,0,0,0,0,0,0,0,0,0,0,0,0,0,0,0,0,0,0,0,0,0,14,0,0,0,6,0,0,0,0,0,0,0,0,0,0,0,0,0,0,0,0,0,0,0,0,0,0,0,4
Cilindro01,z,0,0.000832318225076969,0.603019634470589,0.199557504576197,-0.163063646543808,0.0126821357732534,0.64796318647761,0.0564624310643372,-0.0745006190178062,0.0474566313359141,0.780515722486125,0.335376393401902,-0.263247203878234,1.16064432707114,0.313744525063826,0.216105584047787,0.00933784225504619,0,0,0,0,0,0,0,0,0,0,0,0,0,0,0,0,0,0,0,0,0,0,0,0,0,0,0,0,0,0,0,0,0,0,0,0,0,0,0,0,0,0,0,0,0,0,0,0,0,0,0,0,0,0,0,0,0,0,0,0,0,0,0,0,0,0,0,0,0,0,0,0,0,0,0,0,0,0,0,0,0,0,0,0,3,0,0,0,0,0,0,0,0,0,0,0,0,0,0,0,0,0,0,0,0,0,0,0,0,0,0,0,4
Cilindro01,z,0,-0.024969729738443,0.491115965324488,0.198354450150892,-0.0428973023153169,0.00673113053372137,0.530489392394962,0.128487670446044,-0.0599199584843345,0.11579337746254,0.651415708387099,0.355685870600233,-0.169781848861627,1.25176999935347,0.341120831556036,0.176753890632341,-0.0152785433335195,0,0,0,0,0,0,0,0,0,0,0,0,0,0,0,13,0,0,0,0,0,0,0,0,0,0,0,0,0,0,0,0,0,0,0,0,0,0,0,0,16,5,0,0,0,0,0,0,0,0,0,0,0,0,0,0,0,0,0,0,0,0,0,0,0,0,0,0,0,0,0,0,0,0,0,0,0,0,0,0,0,0,0,0,0,0,0,0,0,0,0,0,0,0,0,0,0,0,0,0,0,0,0,0,0,0,0,0,0,0,0,0,4
Cilindro01,z,0,0.0628558141794432,0.6131015041751,0.202097543301393,-0.146592247670431,0.0219611921400745,0.647965400781002,0.054549536037515,-0.127331760421101,0.0925774127406059,0.705937264421255,0.347689375604369,-0.189543245044355,1.22359696899651,0.345696077829034,0.194878379295098,-0.023471906903382,0,0,0,0,0,0,0,0,0,0,0,0,0,0,0,0,0,0,0,0,0,0,0,0,0,0,0,0,0,3,0,0,0,0,0,0,0,0,0,0,0,0,0,0,0,0,0,0,0,0,0,0,0,0,0,0,0,0,0,0,0,0,0,0,0,0,0,0,0,0,0,0,0,0,0,0,0,0,0,0,0,0,0,0,3,0,0,0,0,0,0,0,5,0,0,0,0,0,0,0,0,0,0,0,0,0,0,0,0,0,0,0,4
Cilindro01,x,45,-0.121223401819933,0.504793494952703,0.121006989238075,-0.12891720652376,0.0520027530343997,0.630002499575198,0.00462345892014193,-0.148603081015603,0.145431117469448,0.672843473927651,0.20426539504156,-0.303618632042602,1.32335410144812,0.367542378544735,0.149587475457535,0.127719890690109,0,0,0,0,0,0,0,0,0,0,0,0,0,0,0,0,0,0,0,0,0,0,0,0,0,0,0,0,3,0,0,0,0,0,0,0,0,0,0,0,0,0,0,0,0,0,0,0,0,0,0,0,0,0,0,0,0,0,0,0,0,0,0,0,0,0,0,0,0,0,0,0,0,0,0,0,0,0,0,0,0,0,0,0,0,0,0,0,0,5,0,0,0,0,9,0,0,22,0,0,0,0,0,0,0,0,0,0,0,0,0,0,4
Cilindro01,x,0,-0.116641731261952,0.597120424485431,0.0837722921080709,-0.216240530993009,0.0686335449384915,0.642876928409316,0.0528224789928978,-0.135448210580981,0.103534044694968,0.615431622893157,0.2881633775823,-0.293879971524202,1.24976206475883,0.235261827709595,0.131069980008317,0.0955451009954619,0,0,0,0,0,0,0,0,0,0,0,0,0,0,0,0,0,0,0,0,0,0,0,0,0,0,0,0,0,0,0,0,0,0,0,0,0,0,0,0,0,0,0,0,0,0,0,0,0,0,0,0,0,0,0,0,0,0,0,0,0,0,0,0,0,0,0,0,0,0,0,0,0,0,0,0,0,0,0,0,0,0,0,0,0,0,0,0,0,0,0,0,0,0,25,0,0,0,12,0,0,0,0,0,0,0,0,0,0,0,0,0,4
Pelota01,z,0,-0.0208553009379982,0.650853785835783,0.151569193028621,-0.198432879383851,0.0475377276906156,0.628458482877679,0.0687924297681493,-0.0680421903959043,0.150164470116286,0.674344952673156,0.177171848138462,-0.294719924586592,1.34500828555448,0.376211097740746,0.247787239306566,-0.0151207223209417,0,0,0,0,0,0,0,0,0,0,0,0,0,0,0,0,0,0,0,0,0,0,0,0,0,0,0,0,0,0,0,0,0,0,0,0,0,0,0,0,0,0,0,0,0,0,0,0,0,0,0,0,0,0,0,0,0,0,0,0,0,0,0,0,0,0,0,0,0,0,0,0,0,0,0,0,0,0,0,0,0,0,0,0,0,0,0,0,0,0,0,0,0,0,0,0,0,0,0,0,0,0,0,0,0,0,0,0,0,0,0,0,5
Pelota01,z,0,-0.0114792755890241,0.671545744493214,0.172174672087081,-0.215350176994052,0.0429439456626074,0.634354796324884,0.0570342403230963,-0.0899463098388862,0.144867827694107,0.676147282639273,0.16928151907437,-0.316272647452591,1.37276511962624,0.400829489921351,0.228965826294196,0.0713583021211449,0,0,0,0,0,0,0,0,0,0,0,0,0,0,0,0,0,0,0,0,0,0,0,0,0,0,0,0,0,0,0,0,0,0,0,0,0,0,0,0,0,0,0,0,0,0,0,0,0,0,0,0,0,0,0,0,0,0,0,0,0,0,0,0,0,0,0,0,0,0,0,0,0,0,0,0,0,0,0,0,0,0,0,0,0,0,0,0,0,0,0,0,0,0,0,0,0,0,0,0,0,0,0,0,0,0,0,0,0,0,0,0,5
Pelota01,z,0,-0.0129197253370453,0.659002976750673,0.154739359111336,-0.197773625115192,0.0413276400704854,0.632868598418027,0.0567248276425317,-0.0827301867525387,0.152583890898998,0.675178757569763,0.18746154080608,-0.307232452576184,1.35676030807791,0.379303332214778,0.262442350374956,0.064097517530616,0,0,0,0,0,0,0,0,0,0,0,0,0,0,0,0,0,0,0,0,0,0,0,0,0,0,0,0,0,0,0,0,0,0,0,0,0,0,0,0,0,0,0,0,0,0,0,0,0,0,0,0,0,0,0,0,0,0,0,0,0,0,0,0,0,0,0,0,0,0,0,0,0,0,0,0,0,0,0,0,0,0,0,0,0,0,0,0,0,0,0,0,0,0,0,0,0,0,0,0,0,0,0,0,0,0,0,0,0,0,0,0,5
Pelota01,z,0,0.00237228327557884,0.640331127433984,0.174415823397654,-0.212595991512994,0.0452300744388293,0.629656107391939,0.0532040465755778,-0.081901094983815,0.153196275265285,0.686551728174161,0.166388898439139,-0.279134601180349,1.36595238523943,0.38164337772529,0.206303677937641,0.0948837230028312,0,0,0,0,0,0,0,0,0,0,0,0,0,0,0,0,0,0,0,0,0,0,0,0,0,0,0,0,0,0,0,0,0,0,0,0,0,0,0,0,0,0,0,0,0,0,0,0,0,0,0,0,0,0,0,0,0,0,0,0,0,0,0,0,0,0,0,0,0,0,0,0,0,0,0,0,0,0,0,0,0,0,0,0,0,0,0,0,0,0,0,0,0,0,0,0,0,0,0,0,0,0,0,0,0,0,0,0,0,0,0,0,5
Pelota01,z,0,-0.00472460782009341,0.70134637139678,0.106942152652728,-0.212205859125299,0.0445224067473412,0.646767194498828,0.0337227455545854,-0.106344400479478,0.157348117489552,0.678100730765081,0.154353294715074,-0.298231716646577,1.32983621853482,0.401637236131228,0.295742915725837,0.0296147702004299,0,0,0,0,0,0,0,0,0,0,0,0,0,0,0,0,0,0,0,0,0,0,0,0,0,0,0,0,0,0,0,0,0,0,0,0,0,0,0,0,0,0,0,0,0,0,0,0,0,0,0,0,0,0,0,0,0,0,0,0,0,0,0,0,0,0,0,0,0,0,0,0,0,0,0,0,0,0,0,0,0,0,0,0,0,0,0,0,0,0,0,0,0,0,0,0,0,0,0,0,0,0,0,0,0,0,0,0,0,0,0,0,5
Pelota01,z,0,-0.0191393570264944,0.607449392414541,0.152735850556668,-0.185564133186707,0.0268671825964376,0.611358191781989,0.0517905736964267,-0.0867412758705383,0.160290949128974,0.706938970981943,0.155340909199121,-0.321864404740197,1.36156977328131,0.392907807294424,0.216410102356453,0.091327310147244,0,0,0,0,0,0,0,0,0,0,0,0,0,0,0,0,0,0,0,0,0,0,0,0,0,0,0,0,0,0,0,0,0,0,0,0,0,0,0,0,0,0,0,0,0,0,0,0,0,0,0,0,0,0,0,0,0,0,0,0,0,0,0,0,0,0,0,0,0,0,0,0,0,0,0,0,0,0,0,0,0,0,0,0,0,0,0,0,0,0,0,0,0,0,0,0,0,0,0,0,0,0,0,0,0,0,0,0,0,0,0,0,5
Pelota01,z,0,0.00510065490564222,0.666172958421916,0.163130674261088,-0.198594796044152,0.0269629908526459,0.631269453141601,0.0650401544229197,-0.0734446570638068,0.144341190908024,0.687628668395105,0.195885089006614,-0.280097415332481,1.34707030033208,0.388450708646066,0.232390316103834,0.117952352455102,0,0,0,0,0,0,0,0,0,0,0,0,0,0,0,0,0,0,0,0,0,0,0,0,0,0,0,0,0,0,0,0,0,0,0,0,0,0,0,0,0,0,0,0,0,0,0,0,0,0,0,0,0,0,0,0,0,0,0,0,0,0,0,0,0,0,0,0,0,0,0,0,0,0,0,0,0,0,0,0,0,0,0,0,0,0,0,0,0,0,0,0,0,0,0,0,0,0,0,0,0,0,0,0,0,0,0,0,0,0,0,0,5
Pelota01,z,0,0.00350598576843268,0.686282692367777,0.11922184067667,-0.189070196561911,0.0464238237644322,0.629710588878065,0.0636462652922528,-0.0652435149160275,0.146097248867211,0.670454352237093,0.207866693460012,-0.294334249036655,1.34055227304539,0.383556702993647,0.215106556646603,0.111622855015148,0,0,0,0,0,0,0,0,0,0,0,0,0,0,0,0,0,0,0,0,0,0,0,0,0,0,0,0,0,0,0,0,0,0,0,0,0,0,0,0,0,0,0,0,0,0,0,0,0,0,0,0,0,0,0,0,0,0,0,0,0,0,0,0,0,0,0,0,0,0,0,0,0,0,0,0,0,0,0,0,0,0,0,0,0,0,0,0,0,0,0,0,0,0,0,0,0,0,0,0,0,0,0,0,0,0,0,0,0,0,0,0,5
Pelota01,z,0,-0.0204226620610703,0.673779821677862,0.129405141577037,-0.203275285536462,0.0318614850445772,0.615073655029009,0.0754690565944389,-0.0736502346026879,0.140474294717645,0.666215694816082,0.184198313445193,-0.273523324515699,1.32157898643691,0.374132642805249,0.228603725385214,0.131771484685815,0,0,0,0,0,0,0,0,0,0,0,0,0,0,0,0,0,0,0,0,0,0,0,0,0,0,0,0,0,0,0,0,0,0,0,0,0,0,0,0,0,0,0,0,0,0,0,0,0,0,0,0,0,0,0,0,0,0,0,0,0,0,0,0,0,0,0,0,0,0,0,0,0,0,0,0,0,0,0,0,0,0,0,0,0,0,0,0,0,0,0,0,0,0,0,0,0,0,0,0,0,0,0,0,0,0,0,0,0,0,0,0,5
Pelota01,z,0,0.00278001929250823,0.669928474051173,0.144473159987587,-0.192694238142118,0.0378210983525667,0.628221751891761,0.0579840877666417,-0.0785059700020725,0.145382990500007,0.669214906689039,0.170910725036482,-0.282493656966905,1.36209635705945,0.394436657562084,0.205730781098948,0.116608458042006,0,0,0,0,0,0,0,0,0,0,0,0,0,0,0,0,0,0,0,0,0,0,0,0,0,0,0,0,0,0,0,0,0,0,0,0,0,0,0,0,0,0,0,0,0,0,0,0,0,0,0,0,0,0,0,0,0,0,0,0,0,0,0,0,0,0,0,0,0,0,0,0,0,0,0,0,0,0,0,0,0,0,0,0,0,0,0,0,0,0,0,0,0,0,0,0,0,0,0,0,0,0,0,0,0,0,0,0,0,0,0,0,5
Pelota01,z,0,0.00394963390887565,0.655617403186476,0.149404942106582,-0.187318708973812,0.051366833051165,0.635203484142934,0.0527288642610934,-0.0894459707894715,0.174831236772867,0.678262452515051,0.213726952299108,-0.314014046636222,1.3433459474233,0.390768615147007,0.230435229519881,0.123826911066845,0,0,0,0,0,0,0,0,0,0,0,0,0,0,0,0,0,0,0,0,0,0,0,0,0,0,0,0,0,0,0,0,0,0,0,0,0,0,0,0,0,0,0,0,0,0,0,0,0,0,0,0,0,0,0,0,0,0,0,0,0,0,0,0,0,0,0,0,0,0,0,0,0,0,0,0,0,0,0,0,0,0,0,0,0,0,0,0,0,0,0,0,0,0,0,0,0,0,0,0,0,0,0,0,0,0,0,0,0,0,0,0,5
Pelota01,z,0,0.007526661205817,0.705263120840324,0.144454321041788,-0.19329436147594,0.0443245079077803,0.639254452830088,0.0834505200279341,-0.0873392663784468,0.144084409908996,0.67354176874219,0.180672139018078,-0.266970509341472,1.32497837711574,0.385438391312924,0.229731344537365,0.135678983008766,0,0,0,0,0,0,0,0,0,0,0,0,0,0,0,0,0,0,0,0,0,0,0,0,0,0,0,0,0,0,0,0,0,0,0,0,0,0,0,0,0,0,0,0,0,0,0,0,0,0,0,0,0,0,0,0,0,0,0,0,0,0,0,0,0,0,0,0,0,0,0,0,0,0,0,0,0,0,0,0,0,0,0,0,0,0,0,0,0,0,0,0,0,0,0,0,0,0,0,0,0,0,0,0,0,0,0,0,0,0,0,0,5
Pelota01,z,0,0.0111679602687878,0.709912032724233,0.107122031688552,-0.172383326281278,0.0448836581005659,0.628779686711171,0.043572555341481,-0.093075722138156,0.147967291192417,0.651948138137387,0.197216914752929,-0.308565063554305,1.34298612824941,0.380917100718641,0.226515598042422,0.130928522754913,0,0,0,0,0,0,0,0,0,0,0,0,0,0,0,0,0,0,0,0,0,0,0,0,0,0,0,0,0,0,0,0,0,0,0,0,0,0,0,0,0,0,0,0,0,0,0,0,0,0,0,0,0,0,0,0,0,0,0,0,0,0,0,0,0,0,0,0,0,0,0,0,0,0,0,0,0,0,0,0,0,0,0,0,0,0,0,0,0,0,0,0,0,0,0,0,0,0,0,0,0,0,0,0,0,0,0,0,0,0,0,0,5
Pelota01,z,0,0.00279665818146638,0.678742069316012,0.133390285624408,-0.196799882969052,0.0455921000128121,0.625226056749212,0.0666072611298193,-0.100948960876288,0.150815634554102,0.682319028869322,0.171896523122728,-0.28646153638617,1.34743625430952,0.365799351216424,0.21914437007568,0.134604521325262,0,0,0,0,0,0,0,0,0,0,0,0,0,0,0,0,0,0,0,0,0,0,0,0,0,0,0,0,0,0,0,0,0,0,0,0,0,0,0,0,0,0,0,0,0,0,0,0,0,0,0,0,0,0,0,0,0,0,0,0,0,0,0,0,0,0,0,0,0,0,0,0,0,0,0,0,0,0,0,0,0,0,0,0,0,0,0,0,0,0,0,0,0,0,0,0,0,0,0,0,0,0,0,0,0,0,0,0,0,0,0,0,5
Pelota01,z,0,0.0156347284177558,0.697883505881384,0.149090373716029,-0.202291582247587,0.0278054314670592,0.618956289297793,0.0506288627646747,-0.0901226616474745,0.147520888208836,0.650061514888805,0.182863431708466,-0.317176076583459,1.35495120820857,0.3921691278625,0.249957003682274,0.12245785219676,0,0,0,0,0,0,0,0,0,0,0,0,0,0,0,0,0,0,0,0,0,0,0,0,0,0,0,0,0,0,0,0,0,0,0,0,0,0,0,0,0,0,0,0,0,0,0,0,0,0,0,0,0,0,0,0,0,0,0,0,0,0,0,0,0,0,0,0,0,0,0,0,0,0,0,0,0,0,0,0,0,0,0,0,0,0,0,0,0,0,0,0,0,0,0,0,0,0,0,0,0,0,0,0,0,0,0,0,0,0,0,0,5
Pelota02,z,0,0.00013410040405507,0.541267860918725,0.195985013777625,-0.176984944963518,0.0258940239999925,0.595692728380235,0.0630708906311633,-0.152195572500906,0.143437615943643,0.757466089444122,0.156867303529563,-0.344867051310996,1.34107917791196,0.379401335318603,0.115433023777432,0.22623881326901,0,0,0,0,0,0,0,0,0,0,0,0,0,0,0,0,0,0,0,0,0,0,0,0,0,0,0,0,0,0,0,0,0,0,0,0,0,0,0,0,0,0,0,0,0,0,0,0,0,0,0,0,0,0,0,0,0,0,0,0,0,0,0,0,0,0,0,0,0,0,0,0,0,0,0,0,0,0,0,0,0,0,0,0,0,0,0,0,0,0,23,0,0,0,4,0,0,0,0,0,0,0,0,0,0,0,0,0,0,0,0,0,6
Pelota02,z,0,-0.00766234303287059,0.545391706216584,0.103891019880504,-0.1925460270647,0.0326993993372555,0.568086930898674,0.0108444862002178,-0.145281807680674,0.14262339909252,0.687289983996968,0.166547988964355,-0.324738434066916,1.30578010190383,0.382545378754102,0.238223649467108,0.0804585069738976,0,0,0,0,0,0,0,0,0,0,0,0,0,0,0,0,0,0,0,0,0,0,0,0,0,0,0,0,10,0,0,0,0,0,0,0,0,0,0,0,0,0,0,0,0,0,0,0,0,0,0,0,0,0,0,0,0,0,0,0,0,0,0,0,0,0,0,0,0,0,0,0,0,0,0,0,0,0,0,0,0,0,0,0,0,3,35,0,0,0,0,0,0,0,0,0,0,0,0,0,0,0,0,0,0,0,0,0,0,0,0,0,6
Pelota02,z,0,-0.0250061437165582,0.554009433060781,0.0861499312950053,-0.128345947440408,0.0448681239535155,0.587796465697243,-0.0108899250585226,-0.0988281076547063,0.14511299688427,0.729421811220119,0.198416849936558,-0.333922847723657,1.35685434961922,0.367450219034327,0.220768433750919,0.0929149046232869,0,0,0,0,0,0,0,0,0,0,0,0,0,0,0,0,0,0,0,0,0,0,0,0,0,0,0,0,0,0,0,0,0,0,0,0,0,0,0,0,0,0,0,0,0,0,0,0,0,0,0,0,0,0,0,0,0,0,0,0,0,0,0,0,0,0,0,0,0,0,0,0,0,0,0,0,0,0,0,0,0,0,0,0,0,0,0,0,0,0,0,0,0,0,0,0,0,0,0,0,0,0,0,0,0,0,0,0,0,0,0,0,6
Pelota02,z,0,-0.0194704332933409,0.514242371794471,0.0987461934724192,-0.187492262655447,0.0391410090631511,0.568698075890352,-0.00974115833268052,-0.138468254022109,0.152179964721077,0.726887271753313,0.191491959805529,-0.301366338737539,1.3652719399247,0.384758485736406,0.236973466867722,0.0843138724053515,0,0,0,0,0,0,0,0,0,0,0,0,0,0,0,0,0,0,0,0,0,0,0,0,0,0,0,0,14,0,0,0,0,0,0,0,0,0,0,0,0,0,0,0,0,0,0,0,0,0,0,0,0,0,0,0,0,0,0,0,0,0,0,0,0,0,0,0,0,0,0,0,0,0,0,0,0,0,0,0,0,0,0,0,0,0,6,6,0,0,0,0,0,0,0,0,0,0,0,0,0,0,0,0,0,0,0,0,0,0,0,0,6
Pelota02,z,0,-0.0113121543675601,0.522944255141358,0.111893140222136,-0.196551774850535,0.038997161488872,0.575352047510073,-0.00681789696125079,-0.129580197925329,0.145994483599268,0.730178049002159,0.205148206058279,-0.320899177543635,1.34878058645954,0.380481852371662,0.243798534545481,0.0667787187018472,0,0,0,0,0,0,0,0,0,0,0,0,0,0,0,0,0,0,0,0,0,0,0,0,0,0,0,0,4,0,0,0,0,0,0,0,0,0,0,0,0,0,0,0,0,0,0,0,0,0,0,0,0,0,0,0,0,0,0,0,0,0,0,0,0,0,0,0,0,0,0,0,0,0,0,0,0,0,0,0,0,0,0,0,0,0,18,4,0,0,0,0,0,0,0,0,0,0,0,0,0,0,0,0,0,0,0,0,0,0,0,0,6
Pelota02,z,0,-0.0205192694421621,0.550372607074234,0.0878488899183704,-0.208315946935264,0.0464485605539175,0.565323991204146,0.0242365621370123,-0.142569077318504,0.143143166290492,0.687092462499677,0.231274581721322,-0.302961846859566,1.31843993694991,0.368372733176631,0.231592680734091,0.0820126427284471,0,0,0,0,0,0,0,0,0,0,0,0,0,0,0,0,0,0,0,0,0,0,0,0,0,0,0,0,6,0,0,0,0,0,0,0,0,0,0,0,0,0,0,0,0,0,0,0,0,0,0,0,0,0,0,0,0,0,0,0,0,0,0,0,0,0,0,0,0,0,0,0,0,0,0,0,0,0,0,0,0,0,0,0,0,0,34,0,0,0,0,0,0,0,0,0,0,0,0,0,0,0,0,0,0,0,0,0,0,0,0,0,6
Pelota02,z,0,-0.00365278072412653,0.552860952861891,0.106112872554465,-0.187480105206011,0.0363190076826438,0.577761219873406,0.015276602605808,-0.150349472310522,0.151925137517756,0.666593269903845,0.258708486022538,-0.284403927596658,1.31961884394717,0.377927873410022,0.211340920044865,0.102313654888897,0,0,0,0,0,0,0,0,0,0,0,0,0,0,0,0,0,0,0,0,0,0,0,0,0,0,0,0,9,0,0,0,0,0,0,0,0,0,0,0,0,0,0,0,0,0,0,0,0,0,0,0,0,0,0,0,0,0,0,0,0,0,0,0,0,0,0,0,0,0,0,0,0,0,0,0,0,0,0,0,0,0,0,0,0,0,33,0,0,0,0,0,0,0,0,0,0,0,0,0,0,0,0,0,0,0,0,0,0,0,0,0,6
Pelota02,z,0,0.0564170028493716,0.550473022062266,0.14474920112186,-0.158603945293634,0.042033415288029,0.57534766396578,0.0282382636098183,-0.13051693665103,0.148244970932915,0.663031848810014,0.255807922273863,-0.230045967076082,1.34658047637714,0.379108173556385,0.191155519226428,0.120106908837634,0,0,0,0,0,0,0,0,0,0,0,0,0,0,0,0,0,0,0,0,0,0,0,0,0,0,0,0,3,0,0,0,0,0,0,0,0,0,0,0,0,0,0,0,0,0,0,0,0,0,0,0,0,0,0,0,0,0,0,0,0,0,0,0,0,0,0,0,0,0,0,0,0,0,0,0,0,0,0,0,0,0,0,0,0,0,17,0,0,0,3,0,0,0,0,0,0,0,0,0,0,0,0,0,0,0,0,0,0,0,0,0,6
Pelota02,z,0,-0.0163360973596351,0.532433713143352,0.102887191236201,-0.178173505279489,0.0448870123625416,0.569273472309154,0.000301800334922997,-0.103915419804024,0.14404272336771,0.714010025937474,0.206439603720898,-0.307335532039375,1.33066134965466,0.390754728227081,0.227381950836295,0.0801441341683178,0,0,0,0,0,0,0,0,0,0,0,0,0,0,0,0,0,0,0,0,0,0,0,0,0,0,0,0,15,0,0,0,0,0,0,0,0,0,0,0,0,0,0,0,0,0,0,0,0,0,0,0,0,0,0,0,0,0,0,0,0,0,0,0,0,0,0,0,0,0,0,0,0,0,0,0,0,0,0,0,0,0,0,0,0,0,30,4,0,0,0,0,0,0,0,0,0,0,0,0,0,0,0,0,0,0,0,0,0,0,0,0,6
Pelota02,z,0,0.000850317579457681,0.536101846984846,0.125640081296803,-0.193477298607391,0.0351558965314337,0.571310537868788,0.00677054361092844,-0.122808440149825,0.14603979913332,0.68077016018092,0.235898308513969,-0.300506890133463,1.33057916454431,0.385155114830113,0.225741359476093,0.0817777750294474,0,0,0,0,0,0,0,0,0,0,0,0,0,0,0,0,0,0,0,0,0,0,0,0,0,0,0,0,16,0,0,0,0,0,0,0,0,0,0,0,0,0,0,0,0,0,0,0,0,0,0,0,0,0,0,0,0,0,0,0,0,0,0,0,0,0,0,0,0,0,0,0,0,0,0,0,0,0,0,0,0,0,0,0,0,3,30,0,0,0,0,0,0,0,0,0,0,0,0,0,0,0,0,0,0,0,0,0,0,0,0,0,6
Pelota02,z,0,0.00059728630955001,0.550814819301225,0.128933393259722,-0.182888115510126,0.0399512626949769,0.58063343882608,0.0184531193039944,-0.13437005639429,0.147212702081872,0.668694964538496,0.263835411634369,-0.291259842659314,1.3301852594011,0.379366445622956,0.199247224000513,0.112673004407219,0,0,0,0,0,0,0,0,0,0,0,0,0,0,0,0,0,0,0,0,0,0,0,0,0,0,0,0,5,0,0,0,0,0,0,0,0,0,0,0,0,0,0,0,0,0,0,0,0,0,0,0,0,0,0,0,0,0,0,0,0,0,0,0,0,0,0,0,0,0,0,0,0,0,0,0,0,0,0,0,0,0,0,0,0,3,19,0,0,0,4,0,0,0,0,0,0,0,0,0,0,0,0,0,0,0,0,0,0,0,0,0,6
Pelota02,z,0,0.0936306372968984,0.570683886524047,0.155564276482933,-0.184973403778487,0.0384727159949152,0.575986256946973,0.0192035818091741,-0.159323497107835,0.146367171176033,0.650461684308337,0.243859461938483,-0.274491053039136,1.3169709121286,0.383235299724113,0.225626140060337,0.0897109051844587,0,0,0,0,0,0,0,0,0,0,0,0,0,0,0,0,0,0,0,0,0,0,0,0,0,0,0,0,7,0,0,0,0,0,0,0,0,0,0,0,0,0,0,0,0,0,0,0,0,0,0,0,0,0,0,0,0,0,0,0,0,0,0,0,0,0,0,0,0,0,0,0,0,0,0,0,0,0,0,0,0,0,0,0,0,8,11,0,0,0,3,0,0,0,0,0,0,0,0,0,0,0,0,0,0,0,0,0,0,0,0,0,6
Pelota02,z,0,-0.0184917588088365,0.528969006600467,0.110260082370312,-0.174309129771877,0.0511344209255155,0.578601568595795,0.0246311364149138,-0.128510237299517,0.150819453670973,0.725601189384051,0.214871438738476,-0.297776186215561,1.36836744326956,0.369019218619428,0.195773179303888,0.117574221441271,0,0,0,0,0,0,0,0,0,0,0,0,0,0,0,0,0,0,0,0,0,0,0,0,0,0,0,0,0,0,0,0,0,0,0,0,0,0,0,0,0,0,0,0,0,0,0,0,0,0,0,0,0,0,0,0,0,0,0,0,0,0,0,0,0,0,0,0,0,0,0,0,0,0,0,0,0,0,0,0,0,0,0,0,0,0,10,11,0,0,0,0,0,0,0,0,0,0,0,0,0,0,0,0,0,0,0,0,0,0,0,0,6
Pelota02,z,0,-0.0173223572455259,0.543602894177532,0.0918712286526494,-0.20894800483466,0.0540515896902804,0.567739014540343,0.012477919688986,-0.126510289248596,0.144667175454186,0.688483470284068,0.245071955557405,-0.31583072355523,1.32460355183432,0.375260111092361,0.233826320003612,0.0797624215627977,0,0,0,0,0,0,0,0,0,0,0,0,0,0,0,0,0,0,0,0,0,0,0,0,0,0,0,0,7,0,0,0,0,0,0,0,0,0,0,0,0,0,0,0,0,0,0,0,0,0,0,0,0,0,0,0,0,0,0,0,0,0,0,0,0,0,0,0,0,0,0,0,0,0,0,0,0,0,0,0,0,0,0,0,0,0,24,0,0,0,0,0,0,0,0,0,0,0,0,0,0,0,0,0,0,0,0,0,0,0,0,0,6
Pelota02,z,0,-0.0150788519723109,0.547737557557645,0.100426481470595,-0.202969265764181,0.045157092884125,0.567610410609803,0.0339248592045533,-0.155498512784636,0.1442889286349,0.680442597511584,0.236299155323525,-0.299555525741116,1.31143755388453,0.37645319701544,0.229863328874746,0.0810599880407338,0,0,0,0,0,0,0,0,0,0,0,0,0,0,0,0,0,0,0,0,0,0,0,0,0,0,0,0,6,0,0,0,0,0,0,0,0,0,0,0,0,0,0,0,0,0,0,0,0,0,0,0,0,0,0,0,0,0,0,0,0,0,0,0,0,0,0,0,0,0,0,0,0,0,0,0,0,0,0,0,0,0,0,0,0,3,25,0,0,0,0,0,0,0,0,0,0,0,0,0,0,0,0,0,0,0,0,0,0,0,0,0,6
Vaso01,x,0,-0.0282157901268195,0.788897945883137,0.0831667127590849,-0.214109745623789,0.104213636110721,0.891081194448651,-0.0250329210806164,-0.130423132309935,0.195905708149756,0.917422699187216,0.203312500690517,-0.344483869029916,1.4110877640115,0.381613300703614,0.148992779341235,0.360198880947841,0,0,0,0,0,0,0,0,0,0,0,0,6,0,0,0,0,0,0,0,0,0,0,0,0,0,0,0,0,0,0,0,0,0,0,0,0,0,0,0,0,0,0,0,0,0,0,0,0,0,0,0,0,0,0,0,0,0,0,0,0,0,0,0,0,0,0,0,0,0,0,0,0,0,0,0,0,0,0,0,0,0,0,0,0,0,0,0,0,0,0,0,0,0,0,0,0,0,0,0,0,0,0,0,0,0,0,0,0,0,0,0,7
Vaso01,x,45,-0.0426884862734087,0.736989531010646,0.102269565671341,-0.220836344372901,0.134244645135584,0.771464370717639,-0.0039277780348147,-0.17582310335335,0.103885597128143,0.781342303176775,0.263838669869251,-0.224669129992481,1.32045910531725,0.249370110124246,0.292059826377996,0.159333193728704,0,0,0,0,0,0,0,0,0,0,0,0,0,0,0,0,0,0,0,0,0,0,0,0,0,0,0,0,0,0,0,0,0,0,0,0,0,0,0,0,0,0,0,0,0,0,0,0,0,0,0,0,0,0,0,0,0,0,0,0,0,0,0,0,0,0,0,0,0,0,0,0,0,0,0,0,0,0,0,0,0,0,0,0,0,0,0,0,0,0,0,0,0,0,0,0,0,0,3,0,0,0,0,0,0,0,0,0,0,0,0,0,7
Vaso01,x,90,0.00544620395223798,0.559672023138453,0.178194274910728,-0.212274247399921,0.0152119819476457,0.547084917507378,0.0427265663446448,-0.0971891739856541,0.144499258749134,0.733381704845773,0.171277862717378,-0.311111712655847,1.36553969600601,0.361611040073353,0.301321261001491,0.183477397730661,0,0,0,0,0,0,0,0,0,0,0,0,0,0,0,0,0,0,0,0,0,0,0,0,0,0,0,0,0,0,0,0,0,0,0,0,0,0,0,0,0,0,0,0,0,0,0,0,0,0,0,0,0,0,0,0,0,0,0,0,0,0,0,0,0,0,0,0,0,0,0,0,0,0,0,0,0,0,0,0,0,0,0,0,0,0,0,0,0,0,0,0,0,0,0,0,0,3,0,0,0,0,0,0,0,0,0,0,0,0,0,0,7
Vaso01,x,0,-0.0263683062944338,0.740874282380348,0.0666781119909942,-0.193105923350684,0.124361162046342,0.780804272818888,-0.0374005677507738,-0.198427576368585,0.134021259227082,0.714137904334983,0.25034946181058,-0.237411991270531,1.35138862509761,0.354927383223655,0.316134744865725,0.147243268245645,0,0,0,0,0,0,0,0,0,0,0,0,0,0,0,0,0,0,0,0,0,0,0,0,0,0,0,0,0,0,0,0,0,0,0,0,0,0,0,0,0,0,0,0,0,0,0,0,0,0,0,0,0,0,0,0,0,0,0,0,0,0,0,0,0,0,0,0,0,0,0,0,0,0,0,0,0,0,0,0,0,0,0,0,0,0,0,0,0,0,0,0,0,0,4,0,0,0,7,0,0,0,0,0,0,0,0,0,0,0,0,0,7
Vaso01,x,45,-0.0581589312578462,0.713234916977918,0.158458109867827,-0.229154995560807,0.126536262913774,0.785609628809837,0.00377837031655348,-0.176203363828092,0.0466373356257292,0.898059959144656,0.231849853249745,-0.291949981792232,1.3014235896664,0.204223863737446,0.289455366503118,0.163327853382443,0,0,0,0,0,0,0,0,0,0,0,0,0,0,0,0,0,0,0,0,0,0,0,0,0,0,0,0,0,0,0,0,0,0,0,0,0,0,0,0,0,0,0,0,0,0,0,0,0,0,0,0,0,0,0,0,0,0,0,0,0,0,0,0,0,0,0,0,0,0,0,0,0,0,0,0,0,0,0,0,0,0,0,0,0,0,0,0,0,0,0,0,0,0,0,0,0,0,0,0,0,0,0,0,0,0,0,0,0,0,0,0,7
Vaso01,z,0,0.00747051017568911,0.668204910946368,0.191959011020219,-0.147679775875289,0.0507611888265937,0.696366282145799,0.00987206105666838,-0.123780804650552,0.155842996123136,0.855365661815414,0.184196879042279,-0.301621633069821,1.37678957599678,0.383030290852219,0.271545724942847,0.0770027548542939,0,0,0,0,0,0,0,0,0,0,0,0,0,0,0,0,0,0,0,0,0,0,0,0,0,0,0,0,0,0,0,0,0,0,0,0,0,0,0,0,0,0,0,0,0,0,0,0,0,0,0,0,0,0,0,0,0,0,0,0,0,0,0,0,0,0,0,0,0,0,0,0,0,0,0,0,0,0,0,0,0,0,0,0,0,0,5,0,0,0,16,0,0,0,0,0,0,0,0,0,0,0,0,0,0,0,0,0,0,0,0,0,7
Vaso01,z,0,-0.0245042886940758,0.702005737395693,0.185134274768256,-0.140785042163617,0.050809595190772,0.718749332012678,0.0188591498266869,-0.102286206021682,0.144972683932584,0.836100166304608,0.209928888361985,-0.275635114150092,1.31901265877449,0.350528715308468,0.281829508455251,0.083671566807802,0,0,0,0,0,0,0,0,0,0,0,0,0,0,0,0,0,0,0,0,0,0,0,0,0,0,0,0,0,0,0,0,0,0,0,0,0,0,0,0,0,0,0,0,0,0,0,0,0,0,0,0,0,0,0,0,0,0,0,0,0,0,0,0,0,0,0,0,0,0,0,0,0,0,0,0,0,0,0,0,0,0,0,0,0,0,0,0,0,9,0,0,0,4,0,0,0,0,0,0,0,0,0,0,0,0,0,0,0,0,0,0,7
Vaso01,z,0,-0.00264498452188225,0.710608236347904,0.178895658476846,-0.161553529423358,0.0446567095778429,0.712978612364931,0.0188779958124699,-0.117743014033524,0.148885627446321,0.822510184734486,0.225956577293344,-0.289102102842577,1.35631702174959,0.370509840118903,0.262073405927932,0.0949438708740182,0,0,0,0,0,0,0,0,0,0,0,0,0,0,0,0,0,0,0,0,0,0,0,0,0,0,0,0,0,0,0,0,0,0,0,0,0,0,0,0,0,0,0,0,0,0,0,0,0,0,0,0,0,0,0,0,0,0,0,0,0,0,0,0,0,0,0,0,0,0,0,0,0,0,0,0,0,0,0,0,0,0,0,0,0,0,0,0,0,10,0,0,0,5,0,0,0,0,0,0,0,0,0,0,0,0,0,0,0,0,0,0,7
Vaso01,z,0,-0.0308002106558785,0.706529317747182,0.140351294639061,-0.147100557589175,0.0509921490627376,0.700517897817139,0.0156735211448465,-0.0973655987704706,0.133454018620682,0.841654343165495,0.200762610185401,-0.292409995486522,1.35678892258606,0.372369063620915,0.264936303141754,0.0939599792077038,0,0,0,0,0,0,0,0,0,0,0,0,0,0,0,0,0,0,0,0,0,0,0,0,0,0,0,0,0,0,0,0,0,0,0,0,0,0,0,0,0,0,0,0,0,0,0,0,0,0,0,0,0,0,0,0,0,0,0,0,0,0,0,0,0,0,0,0,0,0,0,0,0,0,0,0,0,0,0,0,0,0,0,0,0,3,0,0,0,11,0,0,0,0,0,0,0,0,0,0,0,0,0,0,0,0,0,0,0,0,0,0,7
Vaso01,z,0,-0.00669616006760365,0.726254924025554,0.147497989394451,-0.169541141527047,0.0468019114132925,0.72662252431205,0.00463849535474015,-0.103473199960409,0.150487376567395,0.856739681008765,0.18497933589669,-0.295070593821579,1.38943960676237,0.373506689279464,0.229978284522078,0.12729825731584,0,0,0,0,0,0,0,0,0,0,0,0,0,0,0,0,0,0,0,0,0,0,0,0,0,0,0,0,0,0,0,0,0,0,0,0,0,0,0,0,0,0,0,0,0,0,0,0,0,0,0,0,0,0,0,0,0,0,0,0,0,0,0,0,0,0,0,0,0,0,0,0,0,0,0,0,0,0,0,0,0,0,0,0,0,0,0,0,0,3,0,0,0,0,0,0,0,0,0,0,0,0,0,0,0,0,0,0,0,0,0,0,7
Vaso01,z,0,-0.0202694824971633,0.710649769457362,0.18494583577846,-0.155255709970041,0.0446062510795266,0.726753350391882,0.00370482330016908,-0.102889324285877,0.141458572857772,0.827053049173855,0.212845200409331,-0.289935319716319,1.3479035417816,0.373209501117654,0.272833081781015,0.0771830445270907,0,0,0,0,0,0,0,0,0,0,0,0,0,0,0,0,0,0,0,0,0,0,0,0,0,0,0,0,0,0,0,0,0,0,0,0,0,0,0,0,0,0,0,0,0,0,0,0,0,0,0,0,0,0,0,0,0,0,0,0,0,0,0,0,0,0,0,0,0,0,0,0,0,0,0,0,0,0,0,0,0,0,0,0,0,0,0,0,0,9,0,0,0,0,0,0,0,0,0,0,0,0,0,0,0,0,0,0,0,0,0,0,7
Vaso01,z,0,-0.0137581753239678,0.737662202848893,0.185888142825138,-0.180681504093057,0.0460781175763085,0.734000708779533,0.00740498010640089,-0.0842620667400765,0.14321471197503,0.849846867473825,0.163266415084604,-0.307393450373708,1.3671611952941,0.371390163481798,0.228311361106565,0.138153442050702,0,0,0,0,0,0,0,0,0,0,0,0,0,0,0,0,0,0,0,0,0,0,0,0,0,0,0,0,0,0,0,0,0,0,0,0,0,0,0,0,0,0,0,0,0,0,0,0,0,0,0,0,0,0,0,0,0,0,0,0,0,0,0,0,0,0,0,0,0,0,0,0,0,0,0,0,0,0,0,0,0,0,0,0,0,0,0,0,0,9,0,0,0,8,0,0,0,3,0,0,0,0,0,0,0,0,0,0,0,0,0,0,7
Vaso01,z,0,-0.00620526888896817,0.712574463054189,0.186892315654813,-0.166419549553697,0.0424297654496576,0.702202115497321,0.023273276360861,-0.0998372942468899,0.11604821130195,0.849281640877148,0.188287011584586,-0.316975432548969,1.35400725819587,0.372976532593474,0.258790206208353,0.117517467667833,0,0,0,0,0,0,0,0,0,0,0,0,0,0,0,0,0,0,0,0,0,0,0,0,0,0,0,0,0,0,0,0,0,0,0,0,0,0,0,0,0,0,0,0,0,0,0,0,0,0,0,0,0,0,0,0,0,0,0,0,0,0,0,0,0,0,0,0,0,0,0,0,0,0,0,0,0,0,0,0,0,0,0,0,0,0,0,0,0,11,0,0,0,6,0,0,0,0,0,0,0,0,0,0,0,0,0,0,0,0,0,0,7
Vaso01,z,0,-0.0224163663639354,0.71098123712,0.187808120158644,-0.144967344212365,0.0437035952511954,0.731256744656733,-0.00184040219475579,-0.100238013727228,0.146782612425755,0.844965794580341,0.193137148821483,-0.285392299358529,1.33430097888961,0.357686203349864,0.272839252455345,0.0776417384382117,0,0,0,0,0,0,0,0,0,0,0,0,0,0,0,0,0,0,0,0,0,0,0,0,0,0,0,0,0,0,0,0,0,0,0,0,0,0,0,0,0,0,0,0,0,0,0,0,0,0,0,0,0,0,0,0,0,0,0,0,0,0,0,0,0,0,0,0,0,0,0,0,0,0,0,0,0,0,0,0,0,0,0,0,0,0,0,0,0,7,0,0,0,5,0,0,0,0,0,0,0,0,0,0,0,0,0,0,0,0,0,0,7
Vaso01,z,0,-0.00292999538386066,0.756804793965688,0.170693219807401,-0.178073683326151,0.0524622137470175,0.734900039608631,0.0371011944316754,-0.106294849791142,0.121789574260036,0.852321796436807,0.199686012078117,-0.281064691881197,1.31067505886058,0.331685004224304,0.279913038201026,0.0799688850544197,0,0,0,0,0,0,0,0,0,0,0,0,0,0,0,0,0,0,0,0,0,0,0,0,0,0,0,0,0,0,0,0,0,0,0,0,0,0,0,0,0,0,0,0,0,0,0,0,0,0,0,0,0,0,0,0,0,0,0,0,0,0,0,0,0,0,0,0,0,0,0,0,0,0,0,0,0,0,0,0,0,0,0,0,0,0,0,0,0,0,0,0,3,0,0,0,6,0,0,0,0,0,0,0,0,0,0,0,0,0,0,0,7
