Nombre,Eje,Angulo,Joint0,Joint1,Joint2,Joint3,Joint4,Joint5,Joint6,Joint7,Joint8,Joint9,Joint10,Joint11,Joint12,Joint13,Joint14,Joint15,ts0,ts1,ts2,ts3,ts4,ts5,ts6,ts7,ts8,ts9,ts10,ts11,ts12,ts13,ts14,ts15,ts16,ts17,ts18,ts19,ts20,ts21,ts22,ts23,ts24,ts25,ts26,ts27,ts28,ts29,ts30,ts31,ts32,ts33,ts34,ts35,ts36,ts37,ts38,ts39,ts40,ts41,ts42,ts43,ts44,ts45,ts46,ts47,ts48,ts49,ts50,ts51,ts52,ts53,ts54,ts55,ts56,ts57,ts58,ts59,ts60,ts61,ts62,ts63,ts64,ts65,ts66,ts67,ts68,ts69,ts70,ts71,ts72,ts73,ts74,ts75,ts76,ts77,ts78,ts79,ts80,ts81,ts82,ts83,etiqueta
Botella01,x,0,-0.019078619508560643, 0.6186170727526176, 0.7798551877630524, 0.6319185438220565, 0.06299492787286387, 0.6725927790370727, 0.7028281351072174, 0.6347534053205179, 0.12597165917738157, 0.6076857749102519, 0.8227885881978515, 0.5681314456140211, 1.3514080667062567, 0.31547562631548665, 0.2641640072273434, 0.4134886509366924,0,0,0,0,0,0,0,0,0,0,0,0,0,0,0,0,0,0,0,0,0,0,0,0,0,0,0,0,0,0,0,0,0,0,0,0,0,0,0,0,0,0,0,0,0,0,0,0,0,0,0,0,0,0,0,0,0,0,0,0,0,0,0,0,0,0,0,0,0,0,0,0,0,0,0,0,0,0,0,0,0,0,0,0,1
Botella01,z,0,0.07652634567697579, 0.6423344123967805, 0.836548435374421, 0.690195260280072, 0.043896975255428926, 0.5398514092805559, 0.7303495828643229, 0.7017783831824056, 0.14679556493164053, 0.7530193217227403, 0.9667741023181152, 0.6647948958872167, 1.313536547649761, 0.3281976395565793, 0.20947345469152065, 0.29103594701734,0,0,0,0,0,0,0,0,0,0,0,0,0,0,0,0,0,0,0,0,0,0,0,0,0,0,0,0,0,0,0,0,0,0,0,0,0,0,0,0,17,0,0,0,0,0,0,0,0,0,0,0,0,0,0,0,0,0,0,0,0,0,0,0,0,0,0,0,0,0,0,0,0,0,0,0,0,0,0,0,0,0,0,0,1
Botella01,z,30,0.11803271126437784, 0.6115507962773257, 0.834058290107901, 0.67632404468429, 0.06274345971762717, 0.5049550672084793, 0.6982548069582392, 0.7376931827999317, 0.16173401019378525, 0.7736447011669502, 0.9732204405357315, 0.6789331380442192, 1.2968751433964214, 0.3583746068153548, 0.20138531202093168, 0.2652777948019957,0,0,0,0,0,0,0,0,0,0,0,0,0,0,0,0,0,0,0,0,0,0,0,0,0,0,0,0,0,0,0,0,0,0,0,0,0,0,0,0,17,0,0,0,0,0,0,0,0,0,0,0,0,0,0,0,0,0,0,0,0,0,0,0,0,0,0,0,0,0,0,0,0,0,0,0,0,0,0,0,0,0,0,0,1
Botella01,z,60,-0.07067367697428222, 0.46376215150023575, 0.6893226648365565, 0.7887647271264342, 0.02626181310136889, 0.5045840194468009, 0.6823552689891845, 0.7907480693042005, 0.25748498474184667, 1.0078728282677076, 1.1336667835757708, 0.8102239170893044, 1.3491565340970648, 0.38552706926652486, 0.18921058337366548, 0.18015297458814178,0,0,0,0,0,0,0,0,0,0,0,0,0,0,0,0,0,0,0,0,0,0,0,0,0,0,0,0,0,0,0,0,0,0,0,0,0,0,0,0,17,0,0,0,0,0,0,0,0,0,0,0,0,0,0,0,0,0,0,0,0,0,0,0,0,0,0,0,0,0,0,0,0,0,0,0,0,0,0,0,0,0,0,0,1
Botella01,z,90,-0.058880315410737495, 0.4628194446184511, 0.6831036409347925, 0.7864326621985218, 0.012207263597830302, 0.5478755859707314, 0.7512891667424315, 0.727027322538226, 0.2585798033347781, 1.0073881382676364, 1.1393077369950009, 0.8149305449175352, 1.3208164261460138, 0.3749933671389948, 0.1977750957643554, 0.23203363148716605,0,0,0,0,0,0,0,0,0,0,0,0,0,0,0,0,0,0,0,0,0,0,0,0,0,0,0,0,0,0,0,0,0,0,0,0,0,0,0,0,17,0,0,0,0,0,0,0,0,0,0,0,0,0,0,0,0,0,0,0,0,0,0,0,0,0,0,0,0,0,0,0,0,0,0,0,0,0,0,0,0,0,0,0,1
Botella01,x,0,-0.0628292099839822, 0.6504468110367934, 0.815184712408815, 0.6294006492679995, 0.06487247638135687, 0.7476179727107308, 0.7837454074150312, 0.697047841760594, 0.14173181367087007, 0.7357325725553724, 0.9517151392642755, 0.6428871529171494, 1.330117362529775, 0.3403861297662279, 0.1111075293703437, 0.309149566297049,0,0,0,0,0,0,0,0,0,0,0,0,0,0,0,0,0,0,0,0,0,0,0,0,0,0,0,0,0,0,0,0,0,0,0,0,0,0,0,0,0,0,0,0,0,0,0,0,0,0,0,0,0,0,0,0,0,0,0,0,0,0,0,0,0,0,0,0,0,0,0,0,0,0,0,0,0,0,0,0,0,0,0,0,1
Botella01,x,0,-0.09992452250396568, 0.6532037649728346, 0.8057685932200632, 0.6406090030705451, 0.06333725291905463, 0.8345383610790597, 0.7865196921056963, 0.6062851161020931, 0.2097419921391596, 0.8397348552510098, 1.0079048191759385, 0.7218374280921613, 1.421294756996918, 0.3280317883029887, 0.05341832482814719, 0.39286199354587376,0,0,0,0,0,0,0,0,0,0,0,0,0,0,0,0,0,0,0,0,0,0,0,0,0,0,0,0,0,0,0,0,0,0,0,0,0,0,0,0,0,0,0,0,0,0,0,0,0,0,0,0,0,0,0,0,0,0,0,0,5,0,0,0,0,0,0,0,0,0,0,0,0,0,0,0,0,0,0,0,0,0,0,0,1
Botella01,x,0,-0.06525801976735235, 0.6749335953581534, 0.7965175777802548, 0.7004605866415285, 0.06953819359563805, 0.7542892790064827, 0.7798141524776872, 0.6799242436144656, 0.14165754924583282, 0.6751420391247982, 0.9642116851420179, 0.7349088561043622, 1.3543624238024792, 0.3473677340386111, 0.0471262997223358, 0.24409412341498277,0,0,0,0,0,0,25,0,0,0,11,0,0,0,0,0,0,0,0,0,0,0,0,0,0,0,0,0,0,0,0,0,0,0,0,0,0,0,0,0,0,0,0,0,0,0,0,0,0,0,0,0,0,0,0,0,0,0,0,0,0,0,0,0,0,0,0,0,0,0,0,0,0,0,0,0,0,0,0,0,0,0,0,0,1
Botella01,x,0,-0.06084248670473953, 0.6147209168581715, 0.7161560998877265, 0.5687054313943781, 0.05611374343555779, 0.6793350761506012, 0.7025382583626069, 0.5726493817682948, 0.12342453259336503, 0.6192404378475237, 0.8884552457838212, 0.6125384806982755, 1.3183772104214615, 0.31437267204969005, 0.17987463210955693, 0.3514813653159633,0,0,8,18,0,0,0,0,0,0,0,0,0,0,0,0,0,0,0,0,0,0,0,0,0,0,0,0,0,0,0,0,0,0,0,0,0,0,0,0,0,0,0,0,0,0,0,0,0,0,0,0,0,0,0,0,0,0,0,0,0,0,0,0,0,0,0,0,0,0,0,0,0,0,0,0,0,0,0,0,0,0,0,0,1
Botella01,x,0,-0.08967730094132678, 0.6543207760073885, 0.7591863040178591, 0.5800937791705333, 0.054143733131735455, 0.7988565202357336, 0.7645590643219009, 0.6139194387423971, 0.18308514404629592, 0.8755819818417012, 0.9673937356051163, 0.6720059022780724, 1.430397687424244, 0.37686964236142423, 0.2320055328231887, 0.27693309490514106,0,0,0,0,0,0,0,0,0,0,0,0,0,0,0,0,0,0,0,0,0,0,0,0,0,0,0,0,0,0,0,0,0,0,0,0,0,0,0,0,0,0,0,0,0,0,0,0,0,0,0,0,0,0,0,0,0,0,0,0,9,0,0,0,0,0,0,0,0,0,0,0,0,0,0,0,0,0,0,0,0,0,0,0,1
Botella01,-z,0,-0.014382779905181418, 0.611562286751882, 0.8277671768598098, 0.7281284156830774, 0.06372826531971827, 0.6514147307250683, 0.8209863654708565, 0.6809790681455287, 0.15864441943767385, 0.8666929297206989, 1.006387832152412, 0.6715403443472273, 1.299692656680396, 0.3799466813369275, 0.09326933910305771, 0.21548212864125382,0,23,3,0,0,0,0,0,0,0,0,0,0,0,0,0,0,0,0,0,0,0,0,0,0,0,0,0,0,0,0,0,0,0,0,5,0,0,0,0,0,0,0,0,0,0,0,0,0,0,0,0,0,0,0,0,0,0,0,0,0,0,0,0,0,0,0,0,0,0,0,0,0,0,0,0,0,0,0,0,0,0,0,0,1
Botella01,-z,30,0.06475565787200316, 0.6842268835651509, 0.8332621060240999, 0.6923438285260423, 0.06920340840080665, 0.6327198401440434, 0.7924925233762239, 0.6309709839682167, 0.1441170953173892, 0.7569818654012644, 0.939437798242374, 0.639722606375748, 1.319140158316095, 0.35937007009402816, 0.13636216251672872, 0.23233345486958043,0,28,0,0,0,0,0,0,0,0,0,0,0,0,0,0,0,0,0,0,0,0,0,0,0,0,0,0,0,0,0,0,0,0,0,0,0,0,0,0,0,0,0,0,0,0,0,0,0,0,0,0,0,0,0,0,0,0,0,0,0,0,0,0,0,0,0,0,0,0,0,0,0,0,0,0,0,0,0,0,0,0,0,0,1
Botella01,-z,60,0.01373870240839951, 0.6689348621434017, 0.8410014109497422, 0.670559852817898, 0.05920040536768973, 0.6282714052839347, 0.7741677165001153, 0.6322787315536702, 0.142623955076908, 0.7715630775086524, 0.9679071269394954, 0.6563377131311169, 1.3009047462810532, 0.37373723834614525, 0.12430943959351294, 0.2539019165944319,0,0,0,0,0,0,0,0,0,0,0,0,0,0,0,0,0,0,0,0,0,0,0,0,0,0,0,0,0,0,0,0,0,0,0,0,0,0,0,0,0,0,0,0,0,0,0,0,0,0,0,0,0,0,0,0,0,0,0,0,0,0,0,0,0,0,0,0,0,0,0,0,0,0,0,0,0,0,0,0,0,0,0,0,1
Botella01,-z,90,-0.0021766606990452743, 0.5211902596072977, 0.7730998890343749, 0.7078468468479084, 0.048559542225002084, 0.5679321196769432, 0.7807901513643999, 0.6780234387703815, 0.17538515449124725, 0.7914532459648997, 1.0010858819223, 0.672122494799366, 1.2783180222155428, 0.4355476984566082, 0.19763982923349227, 0.2185832482557547,0,17,3,0,0,0,0,0,0,0,0,0,0,0,0,0,0,0,0,0,0,0,0,0,0,0,0,0,0,0,0,0,0,0,0,0,0,0,0,0,0,0,0,0,0,0,0,0,0,0,0,0,0,0,0,0,0,0,0,0,0,0,0,0,0,0,0,0,0,0,0,0,0,0,0,0,0,0,0,0,0,0,0,0,1
Botella01,-z,0,-0.06987051198424049, 0.5060103052649324, 0.7384976095540947, 0.7105579270458975, 0.025995447944818725, 0.5510547617209014, 0.804018046839774, 0.7193461445149565, 0.17113137497493758, 0.8460670827859752, 1.0487940349551361, 0.722874724527695, 1.248868496576028, 0.3957919633984768, 0.2331790146677095, 0.25307877520755084,0,0,0,0,0,0,0,0,0,0,0,0,0,0,0,0,0,0,0,0,0,0,0,0,0,0,0,0,0,0,0,0,0,0,0,0,0,0,0,0,0,0,5,0,0,0,0,0,0,0,0,0,0,0,0,0,0,0,0,0,0,0,0,0,0,0,0,0,0,0,0,0,0,0,0,0,0,0,0,0,0,0,0,0,1
Botella02,x,45,-0.08514120761306954, 0.6946480616358433, 0.8899747445672037, 0.7658873837758828, 0.09235812179500916, 0.8449818623557882, 0.801478233518178, 0.7196249015814002, 0.14766931215394674, 0.7753933672250087, 1.0395742684275167, 0.7692417913322609, 1.4025754475635714, 0.3986089293358097, 0.3090515002880031, 0.4285689949359643,0,0,0,0,0,0,0,0,0,0,0,0,0,0,11,0,0,0,0,0,0,0,0,0,0,0,0,0,0,0,0,0,0,0,0,0,0,0,0,0,0,0,0,0,0,0,0,0,0,0,0,0,0,0,0,0,0,0,0,0,0,0,0,0,0,0,0,0,0,0,0,0,0,0,0,0,0,0,0,0,0,0,0,0,2
Botella02,x,90,-0.12076010809233884, 0.6525092555643619, 0.8531747769365556, 0.7491264487001426, 0.08515049691134129, 0.7934881974350975, 0.8051015549320972, 0.7232545987364875, 0.14376113119040485, 0.7738451678175482, 1.0499195137680435, 0.8198584604438013, 1.3176788213917034, 0.3659333040839207, 0.29693199678749127, 0.4717270955917693,0,4,7,0,0,0,8,0,0,0,0,0,0,0,0,0,0,0,0,0,0,0,0,0,0,0,0,0,0,0,0,0,0,0,0,0,0,0,0,0,0,0,0,0,0,0,0,0,0,0,0,0,0,0,0,0,0,0,0,0,0,0,0,0,0,0,0,0,0,0,0,0,0,0,0,0,0,0,0,0,0,0,0,0,2
Botella02,x,45,-0.07112200550257954, 0.6543612952866564, 0.8039454378144902, 0.6618839845459092, 0.08119113068885783, 0.7563651327569507, 0.770497015406753, 0.6644885314581077, 0.14754338263140374, 0.725114686219626, 0.9361909729172742, 0.5860435289055907, 1.369425131794085, 0.379110897078794, 0.27808982043293745, 0.42527228414257723,0,0,7,4,0,0,4,0,0,0,0,0,0,0,0,0,0,0,0,0,0,0,0,0,0,0,0,0,0,0,0,0,0,0,0,0,0,0,0,0,0,0,0,0,0,0,0,0,0,0,0,0,0,0,0,0,0,0,0,0,0,0,0,0,0,0,0,0,0,0,0,0,0,0,0,0,0,0,0,0,0,0,0,0,2
Botella02,x,90,-0.1114263170371162, 0.6592973027351623, 0.8925561715050668, 0.7687142855389973, 0.08670776756657, 0.830772985384319, 0.8319790003846329, 0.7210710862954339, 0.14589625461783506, 0.8284923141089564, 1.0232682725786453, 0.761110073484372, 1.3214990823944968, 0.3654997387212393, 0.2073467229240124, 0.45134725859811087,0,3,4,0,0,0,9,0,0,0,0,0,0,0,0,0,0,0,0,0,0,0,0,0,0,0,0,0,0,0,0,0,0,0,0,0,0,0,0,0,0,0,0,0,0,0,0,0,0,0,0,0,0,0,0,0,0,0,0,0,0,0,0,0,0,0,0,0,0,0,0,0,0,0,0,0,0,0,0,0,0,0,0,0,2
Botella02,x,0,-0.06208065289335525, 0.733856094574707, 0.8705976855262025, 0.7549521217696401, 0.0897533172238232, 0.8848760161343785, 0.8360428540844405, 0.7260273837212143, 0.14582107569165154, 0.8654564956043754, 1.0131088487084705, 0.7244697931860318, 1.3845231946253265, 0.3640191869993403, 0.2189930052357465, 0.40852233675652627,0,0,0,0,0,0,0,0,0,0,0,0,0,0,0,0,0,0,0,0,0,0,0,0,0,0,0,0,0,0,0,0,0,0,0,0,0,0,0,0,0,0,0,0,0,0,0,0,0,0,0,0,0,0,0,0,0,0,0,0,0,0,0,0,0,0,0,0,0,0,0,0,0,0,0,0,0,0,0,0,0,0,0,0,2
Botella02,z,0,-0.03728840199395167, 0.6721666126955352, 0.9298343879265778, 0.7668392184901295, 0.08605531314097221, 0.7892476638166281, 0.7770360399649292, 0.6702841190911956, 0.09679671575785817, 0.8780572391472615, 1.1109109133888286, 0.8231479337063927, 1.3208800537155687, 0.331529834263253, 0.2855613303698804, 0.35972917812447885,0,0,0,0,0,0,0,0,0,0,0,0,0,23,0,0,0,0,0,0,0,0,0,0,0,0,0,0,0,0,0,0,0,0,0,0,0,0,0,0,0,0,0,0,0,0,0,0,0,0,0,0,0,0,0,0,0,0,0,0,0,0,0,0,0,0,0,0,0,0,0,0,0,0,0,0,0,0,0,0,0,0,0,0,2
Botella02,z,45,-0.05800111757856007, 0.668766728949671, 0.8488990986931118, 0.6870668084137086, 0.0697103391596237, 0.7823069783718533, 0.7942196307270506, 0.7327932439846694, 0.14825227849509448, 0.934050339174142, 1.1391177963722086, 0.8405238459204223, 1.3020844440624308, 0.31496134968342826, 0.2639379667158847, 0.36995668985601216,0,0,0,0,0,0,0,0,0,4,7,0,0,0,0,0,0,0,0,0,0,0,0,0,0,0,0,0,0,0,0,0,0,0,0,0,0,0,0,0,0,0,0,0,0,0,0,0,0,0,0,0,0,0,0,0,0,0,0,0,0,0,0,0,0,0,0,0,0,0,0,0,0,0,0,0,0,0,0,0,0,0,0,0,2
Botella02,z,90,0.006171803199259197, 0.7129158376943578, 0.8717316980263397, 0.698157035233918, 0.04604433849083209, 0.5241369357883228, 0.6289908548068796, 0.6045262983065811, 0.15141094533852137, 0.7979494865905815, 1.051470102518853, 0.7510815475406818, 1.3522170550465717, 0.34690471332397277, 0.23433638029135012, 0.22333564450494053,0,0,0,0,0,0,0,0,0,0,0,0,0,0,0,0,0,0,0,0,0,0,0,0,0,0,0,0,0,0,0,0,0,0,0,0,0,0,0,0,0,0,0,0,0,0,0,0,0,0,0,0,0,0,0,0,0,13,0,0,0,0,0,0,0,0,0,0,0,0,0,0,0,0,0,0,0,0,0,0,0,0,0,0,2
Botella02,z,0,-0.055248552835466175, 0.6769300743005834, 0.9034612670446641, 0.7579531474100775, 0.08961057766690315, 0.7957421707754787, 0.7763650300817799, 0.663919795532841, 0.13530162333484586, 0.8516138660766956, 1.1089236318517275, 0.8293032857512002, 1.3206239127261759, 0.3467919886984282, 0.2713027248347672, 0.3627623656006107,0,0,0,0,0,0,0,0,0,0,0,0,0,22,0,0,0,0,0,0,0,0,0,0,0,0,0,0,0,0,0,0,0,0,0,0,0,0,0,0,0,0,0,0,0,0,0,0,0,0,0,0,0,0,0,0,0,0,0,0,0,0,0,0,0,0,0,0,0,0,0,0,0,0,0,0,0,0,0,0,0,0,0,0,2
Botella02,z,45,-0.05894465872676975, 0.6552112834509929, 0.878460365132358, 0.7051780922173866, 0.06490553017934242, 0.766604609189669, 0.7931418003157575, 0.7252865886847704, 0.1462119693975692, 0.9260190413415764, 1.1351205210934805, 0.8265364805135454, 1.3039563058000607, 0.31841533304996666, 0.26799321911386326, 0.3633329636390006,0,0,0,0,0,0,0,0,0,7,12,0,0,0,0,0,0,0,0,0,0,0,0,0,0,0,0,0,0,0,0,0,0,0,0,0,0,0,0,0,0,0,0,0,0,0,0,0,0,0,0,0,0,0,0,0,0,0,0,0,0,0,0,0,0,0,0,0,0,0,0,0,0,0,0,0,0,0,0,0,0,0,0,0,2
Botella02,z,90,-0.015549952929463677, 0.7486575854735859, 0.8949471024815425, 0.7096351475368426, 0.10687366654636667, 0.6218978667141715, 0.7382303876153005, 0.6079578183578456, 0.0824304991371452, 0.7749672580196363, 1.1374749631742507, 0.8399116798257513, 1.322902163676666, 0.32504418724877215, 0.23126063803238311, 0.23431930302964565,0,0,0,0,0,0,0,0,0,0,0,0,0,0,0,0,0,0,0,0,0,0,0,0,0,0,0,0,0,0,0,0,0,0,0,0,0,0,0,0,0,0,0,0,0,0,0,0,0,0,0,0,0,0,0,0,0,0,0,0,0,0,0,0,0,0,0,0,0,0,0,0,0,0,0,0,0,0,0,0,0,0,0,0,2
Botella02,z,90,0.0521468746406079, 0.7283130438218117, 0.8916127367439736, 0.6992112187872186, 0.055917553296299244, 0.47874532056484276, 0.655437926043059, 0.562346447395533, 0.1562383164425292, 0.6877065714106835, 0.9120539008079032, 0.6496870999812191, 1.372831486644118, 0.36213620395159, 0.24868100664181894, 0.23575082927493496,0,0,0,0,0,0,0,0,0,0,0,0,0,0,0,0,0,0,0,0,0,0,0,0,0,0,0,0,0,0,0,0,0,0,0,0,0,0,0,0,0,0,0,0,0,0,0,0,0,0,0,0,0,0,0,0,0,0,17,0,0,0,6,0,0,0,0,0,0,0,0,0,0,0,0,0,0,0,0,0,0,0,0,0,2
Botella02,z,0,-0.01705488378992524, 0.6668455343099207, 0.9043003477213227, 0.7463410428315167, 0.08891136445086734, 0.7851337584021335, 0.7940054475231357, 0.6850423619603672, 0.15492256163006868, 0.868964283149884, 1.107094781289104, 0.8175617043322676, 1.3283928197229937, 0.34484753421526565, 0.265282024674311, 0.3550409751495668,0,0,0,0,0,0,0,0,0,0,0,0,0,27,0,0,0,0,0,0,0,0,0,0,0,0,0,0,0,0,0,0,0,0,0,0,0,0,0,0,0,0,0,0,0,0,0,0,0,0,0,0,0,0,0,0,0,0,0,0,0,0,0,0,0,0,0,0,0,0,0,0,0,0,0,0,0,0,0,0,0,0,0,0,2
Botella02,x,0,-0.07061662863838541, 0.7489016588497532, 0.8148606014520205, 0.6266181952880656, 0.08607026761703757, 0.8506192818672236, 0.823237691247766, 0.6581272892561152, 0.15043497991363589, 0.8533926648087594, 0.9598287706822924, 0.6320066493713634, 1.3999223881523946, 0.3280536992114637, 0.2824065881874805, 0.633848208679101,0,0,0,0,0,0,0,0,0,0,0,0,0,0,0,0,0,0,0,0,0,0,0,0,0,0,0,0,0,0,0,0,0,0,0,0,0,0,0,0,0,0,0,0,0,0,0,0,0,0,0,0,0,0,0,0,0,0,0,0,0,0,0,0,0,0,0,0,0,0,0,0,0,0,0,0,0,0,0,0,0,0,0,0,2
Botella02,x,45,-0.11965609866968031, 0.7101382921164587, 0.8786481675814252, 0.7474739400354727, 0.08647477173743201, 0.8535204413257946, 0.8515310559507634, 0.7314913115032243, 0.14847458396520194, 0.8610893722362342, 1.0683103877416942, 0.7945166423405439, 1.3643676412255048, 0.35043629851963476, 0.3112288793566759, 0.4813645899167606,0,0,0,0,0,0,0,0,0,0,0,0,0,0,0,0,0,0,0,0,0,0,0,0,0,0,0,0,0,0,0,0,0,0,0,0,0,0,0,0,0,0,0,0,0,0,0,0,0,0,0,0,0,0,0,0,0,0,0,0,0,0,0,0,0,0,0,0,0,0,0,0,0,0,0,0,0,0,0,0,0,0,0,0,2
Caja01,x,0,-0.12619062043408935, 0.6907379484585269, 0.8338369347779826, 0.7060102501661156, 0.0893378886772689, 0.8253650828546368, 0.8271003174338596, 0.7064541861552581, 0.1556040500338297, 0.8636550719131272, 1.0464317717890883, 0.7740262764031554, 1.3219587455992814, 0.3636118641894469, 0.21735314361072616, 0.3070878120677492,0,3,3,0,0,0,0,0,0,0,0,0,0,0,0,0,0,0,0,0,0,0,0,0,0,0,0,0,0,0,0,0,0,0,0,0,0,0,0,0,4,0,0,0,0,0,0,0,0,0,0,0,0,0,0,0,0,0,0,0,0,0,0,0,0,0,0,0,0,0,0,0,0,0,0,0,0,0,0,0,0,0,0,0,3
Caja01,x,45,-0.04598894683703937, 0.5403844762050011, 0.791447000056945, 0.7420156307346009, 0.00933560688140757, 0.47204750087763403, 0.7371978912542332, 0.7271973052937896, 0.14444723407122434, 0.690996011112307, 0.9040222350209952, 0.6192902970809557, 1.3594430401306976, 0.23562718281772638, 0.23969849309733376, 0.26277067471430315,0,0,0,0,0,0,0,0,0,0,0,0,0,0,0,0,0,0,0,0,0,0,0,0,0,0,0,0,0,0,0,0,0,0,0,0,0,0,0,0,0,0,0,0,0,0,0,0,0,0,0,0,0,0,0,0,0,0,0,0,0,0,0,0,0,0,0,0,0,0,0,0,0,0,0,0,0,0,0,0,0,0,0,0,3
Caja01,x,90,-0.018399144194869658, 0.42683406124717815, 0.6784168984432131, 0.6705849897714068, 0.005391933011467674, 0.3148080235636518, 0.31582234329316045, 0.1997183202562787, 0.18570983962694107, 0.9496745212937316, 1.1201006699678402, 0.7992453480039423, 1.3880704075158095, 0.3225050480486425, 0.26289455576898973, 0.31488917789388476,0,0,0,0,0,0,0,0,0,0,0,0,0,0,0,0,0,0,0,0,0,0,0,0,0,0,0,0,0,0,0,0,0,0,0,0,0,0,0,0,0,0,0,0,0,0,0,0,0,0,0,0,0,0,0,0,0,30,12,0,0,0,0,0,0,0,0,0,0,0,0,0,0,0,0,0,0,0,0,0,0,0,0,0,3
Caja01,x,90,-0.02583883952717505, 0.3719099075108419, 0.35188132090057156, 0.3392507110053865, 0.015609284670318184, 0.3807579987508355, 0.40229976024544306, 0.5175902464486537, 0.22402793655011205, 0.9794628018144472, 1.124399007297117, 0.7954186230219541, 1.3759767688455644, 0.29732625188234163, 0.09538301957885482, 0.09895437776238197,0,0,0,0,0,0,0,0,0,0,0,0,0,0,0,0,0,0,0,0,0,0,0,0,0,0,0,0,0,0,0,0,0,0,0,0,0,0,0,0,0,17,29,0,0,0,0,0,0,0,0,0,0,0,0,0,0,0,0,0,0,0,0,0,0,0,0,0,0,0,0,0,0,0,0,0,0,0,0,0,0,0,0,0,3
Caja01,x,90,-0.020710412783939074, 0.46405682386730723, 0.6975852639344661, 0.7547805029099413, 0.00970899366157479, 0.3775952464004249, 0.3640296340075817, 0.42436248437121843, 0.19356157773482835, 0.9951043030415577, 1.1549986669782266, 0.8179529851146006, 1.3442632209023422, 0.3402562563215048, 0.15004462456715137, 0.16672028615489726,0,0,0,0,0,0,0,0,0,0,0,0,0,0,0,0,0,0,0,0,0,0,0,0,0,0,0,0,0,0,0,0,0,0,0,0,0,0,0,0,3,0,0,0,0,0,0,0,0,0,0,0,0,0,0,0,0,0,0,0,0,0,0,0,0,0,0,0,4,14,0,0,0,0,0,0,0,0,0,0,0,0,0,0,3
Caja01,x,90,0.0016078117741030891, 0.46435444906135753, 0.685646305012908, 0.7459690994766622, 0.026459471092953983, 0.37037136647577384, 0.35677486603486885, 0.47570696781873023, 0.09948408099457433, 0.5040030278302946, 0.6796112483634404, 0.5019372980062993, 1.3422316586822765, 0.36622128985512076, 0.14599668565248267, 0.1719967863248836,0,0,0,0,0,0,0,0,0,0,0,0,0,0,0,0,0,0,0,0,0,0,0,0,0,0,0,0,0,0,0,0,0,0,0,0,0,0,0,0,3,0,0,0,0,0,0,0,0,0,0,0,0,0,0,0,0,0,0,0,0,0,0,0,0,0,0,0,43,12,0,0,0,0,0,0,0,0,0,0,0,0,0,0,3
Caja01,x,90,0.015872373112706072, 0.46663677136395876, 0.635183604880252, 0.7316916987112221, 0.017342427577874384, 0.34135654595261805, 0.36145036053731516, 0.4081175161178882, 0.10318632102679173, 0.48821740974197897, 0.7210593673770858, 0.39785068532813955, 1.3291525804463258, 0.3706349240332997, 0.17396658248310526, 0.2258407031236009,0,0,0,0,0,0,0,0,0,0,0,0,0,0,0,0,0,0,0,0,0,0,0,0,0,0,0,0,0,0,0,0,0,0,0,0,0,0,0,0,3,0,0,0,0,0,0,0,0,0,0,0,0,0,0,0,0,0,0,0,0,0,0,0,0,0,0,0,0,6,0,0,0,0,0,0,0,0,0,0,0,0,0,0,3
Caja01,x,45,0.06689303344447843, 0.8117621850309797, 0.904393749099623, 0.7313680089036938, 0.05103855067779606, 0.41489623522106345, 0.6657218583471312, 0.767835421809543, 0.07014684070068623, 0.49722955121620926, 0.9229503212299961, 0.7664393606811607, 1.2471393619677256, 0.2881127583729781, 0.1303331609954177, 0.20146327590806096,0,0,0,0,0,0,0,0,0,0,0,0,0,0,0,0,0,0,0,0,0,0,0,0,0,0,0,0,0,0,0,0,0,0,0,0,0,0,0,0,0,0,0,0,0,0,0,0,0,0,0,0,0,0,0,0,0,0,0,0,0,0,0,0,0,0,0,0,0,0,0,0,0,0,0,0,0,0,0,0,0,0,0,0,3
Caja01,x,45,-0.01016761365600257, 0.4654025435353218, 0.6423305477020185, 0.7000014953677649, 0.005457859131985439, 0.3519413638979364, 0.37482628198514567, 0.3727513180039207, 0.1014223255079566, 0.546022871991599, 0.6875199883882069, 0.5048459314718343, 1.318689069901687, 0.3412022182662561, 0.14430958029821583, 0.22464285571714104,0,0,0,0,0,0,0,0,0,0,0,0,0,0,0,0,0,0,0,0,0,0,0,0,0,0,0,0,0,0,0,0,0,0,0,0,0,0,0,0,3,0,0,0,0,0,0,0,0,0,0,0,0,0,0,0,0,0,0,0,0,0,0,0,0,0,0,0,6,15,0,0,0,0,0,0,0,0,0,0,0,0,0,0,3
Caja01,y,0,-0.1528833302767597, 0.5462708601964739, 0.6508671268981819, 0.4607804349998769, 0.0394650332084842, 0.6318275367548367, 0.6666357784695919, 0.5122613235398185, 0.047499890307663446, 0.629585358067605, 0.858595646638598, 0.5745290724129926, 1.204156812076956, 0.1677285613772378, 0.06321482960900261, 0.20976506276922918,0,0,0,0,0,4,0,0,0,0,0,0,0,11,0,0,0,0,0,0,0,0,0,0,0,0,0,0,0,0,0,0,0,0,0,0,0,0,0,0,0,0,0,0,0,0,0,0,0,0,0,0,0,0,0,0,5,0,0,0,0,0,0,0,0,0,0,0,0,0,0,0,0,0,0,0,0,0,0,0,0,0,0,0,3
Caja01,y,0,-0.11646521832884356, 0.5630534054215971, 0.6231785719794327, 0.45015483713023996, 0.05070015027314177, 0.6311229199132471, 0.6661950286800639, 0.5350394566145192, 0.10790708976187047, 0.6193926584737304, 0.8697661196146571, 0.5740659852168607, 1.2219250288777415, 0.2492543591236882, 0.03308512827447069, 0.19534276689662144,0,0,0,0,0,9,4,0,0,8,0,0,0,4,0,0,0,0,0,0,0,0,0,0,0,0,0,0,0,0,0,0,0,0,0,0,0,0,0,0,0,0,0,0,0,0,0,0,0,0,0,0,0,0,0,0,0,0,0,0,0,0,0,0,0,0,0,0,0,0,0,0,0,0,0,0,0,0,0,0,0,0,0,0,3
Caja01,y,0,-0.08388649757209553, 0.5390393654056416, 0.6468004949425255, 0.46290999038029457, 0.04787950297615091, 0.6301000470435324, 0.6638165568429384, 0.5299559199481175, 0.09792864022235694, 0.597710200166782, 0.8893124327208574, 0.625537114740292, 1.2567256233496713, 0.3453714770918829, 0.009018833658287572, 0.1996757982605515,0,5,3,0,0,6,6,0,0,0,0,0,0,0,0,0,0,0,0,0,0,0,0,0,0,0,0,0,0,0,0,0,0,0,0,0,0,0,0,0,0,3,0,0,0,0,0,0,0,0,0,0,0,0,0,0,0,0,0,0,0,0,0,0,0,0,0,0,0,0,0,0,0,0,0,0,0,0,0,0,0,0,0,0,3
Caja01,z,0,-0.10776100517075979, 0.6053758201622286, 0.820172390843121, 0.6736480754105403, 0.06429703597605764, 0.7461694932210378, 0.7953385740289168, 0.6792083992525125, 0.14338939250592267, 0.738396823398634, 1.0471049639141627, 0.8257870697019841, 1.3078963478979397, 0.3398339024699815, 0.2758083905848539, 0.4213152610930548,0,0,0,0,0,0,0,0,0,0,0,0,0,0,0,0,0,0,0,0,0,0,0,0,0,0,0,0,0,0,0,0,0,0,0,0,0,0,0,0,4,0,0,0,0,0,0,0,0,0,0,0,0,0,0,0,0,0,0,0,0,0,0,0,0,0,0,0,0,0,0,0,0,0,0,0,0,0,0,0,0,0,0,0,3
Caja01,z,0,-0.11734700037739157, 0.6290576701341977, 0.7477383506092516, 0.6085539259244459, 0.07790084457351014, 0.7063351152723063, 0.7779950451205574, 0.6768680134909186, 0.1426405746765296, 0.6779834064450612, 0.9999808784065903, 0.8142616204428641, 1.2898330297344045, 0.3678865985915364, 0.3087739551298001, 0.3972188513962889,0,0,0,0,0,0,0,0,0,0,0,0,0,0,0,0,0,0,0,0,0,0,0,0,0,0,0,0,0,0,0,0,0,0,0,0,0,0,0,0,0,0,0,0,0,0,0,0,0,0,0,0,0,0,0,0,0,0,0,0,0,0,0,0,0,0,0,0,0,0,0,0,0,0,0,0,0,0,0,0,0,0,0,0,3
Caja01,z,0,-0.08708927748606765, 0.657792518431634, 0.8183686623107806, 0.6736104263500745, 0.07359029833536351, 0.7814906983496428, 0.822457760658929, 0.742913440309902, 0.13864283771563246, 0.7675123818685263, 1.0904142935581802, 0.8574432040986194, 1.3146771921591942, 0.3699680622052823, 0.21110955995978672, 0.4200357245734295,0,3,6,0,0,0,0,0,0,0,0,0,0,0,0,0,0,0,0,0,0,0,0,0,0,0,0,0,0,0,0,0,0,0,0,0,0,0,0,0,0,0,0,0,0,0,0,0,0,0,0,0,0,0,0,0,0,0,0,0,0,0,0,0,0,0,0,0,0,0,0,0,0,0,0,0,0,0,0,0,0,0,0,0,3
Cilindro01,x,0,-0.1215824712843594, 0.5169941057508168, 0.619292023877509, 0.4297215769811373, 0.05213010482947578, 0.6070366393597154, 0.6488958305582524, 0.4903386659706225, 0.13598643020054518, 0.5756798741998228, 0.8413037091532076, 0.6046493566277021, 1.251552955709751, 0.32931432353614165, 0.20271534378514272, 0.3140922956351443,0,0,7,0,0,0,11,0,0,0,0,0,0,0,0,0,0,0,0,0,0,0,0,0,0,0,0,0,0,0,0,0,0,0,0,0,0,0,0,0,0,0,0,0,0,0,0,0,0,0,0,0,0,0,0,0,0,0,0,0,0,0,0,0,0,0,0,0,0,0,0,0,0,0,0,0,0,0,0,0,0,0,0,0,4
Cilindro01,x,45,-0.010390115842394273, 0.5174933644815634, 0.6212671827657564, 0.4684082035226859, 0.04204828079647585, 0.5527088439251293, 0.5500058174106208, 0.4191429922727765, 0.10309665651690891, 0.5135355100816339, 0.6713985710390927, 0.3903527344976432, 1.3572140807788189, 0.36691000283181663, 0.2337142022754583, 0.34233560565155197,0,0,5,0,0,0,0,18,0,0,0,7,0,0,0,0,0,0,0,0,0,0,0,0,0,0,0,0,0,0,0,0,0,0,3,0,0,0,0,0,0,0,5,0,0,0,0,0,0,0,0,0,0,0,0,0,0,0,0,0,0,0,0,0,0,0,0,0,0,0,0,0,0,0,0,0,0,0,0,0,0,0,0,0,4
Cilindro01,x,0,-0.08207372602174015, 0.5475372836396895, 0.6301110230364537, 0.46704990869714763, 0.04183052827485763, 0.6264347335470903, 0.6423799651691294, 0.5341211726111592, 0.13029743979473496, 0.5669338824112459, 0.8640599072892764, 0.6027787761773225, 1.27072066054779, 0.29497663223852205, 0.1543455614138689, 0.2548617598098186,0,0,3,0,0,0,30,0,0,0,0,0,0,0,0,0,0,0,0,0,0,0,0,0,0,0,0,0,0,0,0,0,0,0,0,0,0,0,0,0,0,0,0,0,0,0,0,0,0,0,0,0,0,0,0,0,0,0,0,0,0,0,0,0,0,0,0,0,0,0,0,0,0,0,0,0,0,0,0,0,0,0,0,0,4
Cilindro01,x,45,-0.0055066850111903385, 0.5510913862635028, 0.6132055224793787, 0.4229125725510074, 0.054364167129505675, 0.5271573107018439, 0.5632745579549427, 0.4239068884836018, 0.09557027053246595, 0.499980032322353, 0.681435447652139, 0.434607923370848, 1.3605323595474952, 0.3730354794900797, 0.2020645382266969, 0.2663299790409284,0,0,0,7,0,0,0,0,0,0,0,0,0,0,0,0,0,0,0,0,0,0,0,0,0,0,0,0,0,0,0,0,0,0,0,0,0,0,0,0,0,0,0,0,0,0,0,0,0,0,0,0,0,0,0,0,0,0,0,0,0,0,0,0,0,0,0,0,0,0,0,0,0,0,0,0,0,0,0,0,0,0,0,0,4
Cilindro01,x,0,-0.12297831547608676, 0.5513973040674922, 0.636049979223877, 0.4697359083911842, 0.04883933751346452, 0.6289874962101406, 0.6699563407838891, 0.5337150788301909, 0.12246075964035828, 0.5683888930278421, 0.8904993934595617, 0.5938808811862271, 1.25280670386857, 0.30040033085963697, 0.16025052143093865, 0.2558468670481795,0,0,0,0,0,0,17,0,0,0,7,0,0,0,0,0,0,0,0,0,0,0,0,0,0,0,0,0,0,0,0,0,0,0,0,0,0,0,0,0,0,3,0,0,0,0,0,0,0,0,0,0,0,0,0,0,0,0,0,0,0,0,0,0,0,0,0,0,0,0,0,0,0,0,0,0,0,0,0,0,0,0,0,0,4
Cilindro01,x,45,0.004366708227135639, 0.5589060068509221, 0.6365004282806863, 0.4385685286722091, 0.06340284118659745, 0.5333213400790073, 0.539204523755039, 0.3756648464716163, 0.0861181591571438, 0.503211465634279, 0.6503675137304676, 0.3850803074109618, 1.3941043601164878, 0.30350592755577704, 0.12899860531399646, 0.26304039172293775,0,0,0,0,0,0,0,0,0,0,0,22,0,0,0,10,0,0,0,0,0,0,0,0,0,0,0,0,0,0,0,0,0,0,0,0,0,0,0,0,0,0,0,0,0,0,0,0,0,0,0,0,0,0,0,0,0,0,0,0,0,0,0,0,0,0,0,0,0,0,0,0,0,0,0,0,0,0,0,0,0,0,0,0,4
Cilindro01,z,0,-0.04463518181485291, 0.5018119925501107, 0.6905596795612174, 0.6332953155722997, 0.019872511006536087, 0.5138019014445487, 0.6957733331839021, 0.6671152391325762, 0.10599647666961282, 0.6794128083107034, 1.0383884725115142, 0.8368325952034166, 1.210253145167967, 0.335116945977712, 0.21224618450956143, 0.2265515729721869,27,0,0,0,0,0,0,0,0,0,0,0,0,0,0,0,0,0,0,0,0,0,0,0,0,0,0,0,0,0,0,0,0,0,0,0,0,0,0,0,0,0,3,0,0,0,0,0,0,0,0,0,0,0,0,0,0,0,0,0,3,0,0,0,0,0,0,0,0,0,0,0,0,0,0,0,0,0,0,0,0,0,0,0,4
Cilindro01,z,0,-0.02696950388014034, 0.5789790123537308, 0.8195802049059069, 0.6582014441164465, 0.008984518864327365, 0.631145355318693, 0.7312956710443348, 0.6373703004786749, 0.04816428121592338, 0.7792698209652699, 1.0806316098936437, 0.8306996776856667, 1.169790033915159, 0.3185943603353593, 0.18163753661374718, 0.22969557689306577,10,0,0,0,5,0,0,0,0,0,0,0,0,0,0,0,0,0,0,0,0,0,0,0,0,0,0,0,0,0,0,0,0,0,0,0,0,0,0,0,0,0,0,0,0,0,0,0,0,0,0,0,0,0,0,0,0,4,0,0,0,0,0,0,0,0,0,0,0,0,0,0,0,0,0,0,0,0,0,0,0,0,0,0,4
Cilindro01,z,0,-0.025155480723180808, 0.4752864355955156, 0.616799688902569, 0.5396781590076483, 0.011951963794355683, 0.4786157732559576, 0.6164685360472175, 0.5842576906215172, 0.1362687668856818, 0.6395884807964581, 0.9780887032214358, 0.7992181866746653, 1.2992859397432759, 0.3787435162480108, 0.18833779650939564, 0.18982633966930873,0,0,0,0,0,0,0,0,0,0,0,0,0,0,0,0,0,0,0,0,0,0,0,0,0,0,0,0,0,0,0,0,0,0,0,0,0,0,0,0,0,0,4,3,0,0,0,0,0,0,0,0,0,0,0,0,0,0,0,0,0,0,0,0,0,0,0,0,3,0,0,0,0,0,0,0,0,0,0,0,0,0,0,0,4
Cilindro01,z,0,-0.033290490053580826, 0.5593157735688217, 0.7973632388930694, 0.6397465257886195, 0.0074145611137799595, 0.6304611656943496, 0.7143132759502928, 0.6550984534531474, 0.10517201573255587, 0.7576565242729956, 1.1010045980455303, 0.8473712689642223, 1.1424364037674681, 0.3359384836908606, 0.21967609080140796, 0.22380231252941696,14,0,0,0,6,0,0,0,0,0,0,0,0,0,0,0,0,0,0,0,0,0,0,0,0,0,0,0,0,0,0,0,0,0,0,0,0,0,0,0,0,0,0,0,0,0,0,0,0,0,0,0,0,0,0,0,7,0,0,0,0,0,0,0,0,0,0,0,0,0,0,0,0,0,0,0,0,0,0,0,0,0,0,0,4
Cilindro01,z,0,0.0008323182250769692, 0.6030196344705895, 0.8025771390467861, 0.6395134925029782, 0.012682135773253396, 0.6479631864776102, 0.7044256175419474, 0.6299249985241412, 0.04745663133591406, 0.7805157224861252, 1.1158921158880268, 0.8526449120097929, 1.160644327071143, 0.3137445250638264, 0.21610558404778707, 0.22544342630283332,3,0,0,0,0,0,0,0,0,0,0,0,0,0,0,0,0,0,0,0,0,0,0,0,0,0,0,0,0,0,0,0,0,0,0,0,0,0,0,0,0,0,0,0,0,0,0,0,0,0,0,0,0,0,0,0,0,0,0,0,0,0,0,0,0,0,0,0,0,0,0,0,0,0,0,0,0,0,0,0,0,0,0,0,4
Cilindro01,z,0,-0.024969729738442963, 0.4911159653244884, 0.6894704154753808, 0.6465731131600639, 0.006731130533721373, 0.5304893923949618, 0.6589770628410053, 0.5990571043566708, 0.11579337746253981, 0.6514157083870988, 1.0071015789873317, 0.8373197301257045, 1.251769999353471, 0.3411208315560357, 0.17675389063234095, 0.16147534729882146,0,0,0,0,0,0,0,0,0,0,0,0,0,0,0,0,0,0,0,0,0,0,0,0,0,0,0,0,0,0,0,0,0,0,0,0,0,0,0,0,0,0,0,13,0,0,0,0,0,0,0,0,0,0,0,0,0,0,0,0,0,0,0,0,0,0,0,0,16,5,0,0,0,0,0,0,0,0,0,0,0,0,0,0,4
Cilindro01,z,0,0.06285581417944316, 0.6131015041750999, 0.8151990474764933, 0.6686067998060623, 0.021961192140074477, 0.6479654007810018, 0.7025149368185168, 0.5751831763974161, 0.09257741274060591, 0.7059372644212554, 1.053626640025624, 0.8640833949812694, 1.2235969689965078, 0.3456960778290342, 0.19487837929509824, 0.17140647239171622,3,0,0,0,0,0,0,0,5,0,0,0,0,0,0,0,0,0,0,0,0,0,0,0,0,0,0,0,0,0,0,0,0,0,0,0,0,0,0,0,0,0,0,0,0,0,0,0,0,0,0,0,0,0,0,0,0,3,0,0,0,0,0,0,0,0,0,0,0,0,0,0,0,0,0,0,0,0,0,0,0,0,0,0,4
Cilindro01,x,45,-0.12122340181993273, 0.5047934949527026, 0.6258004841907775, 0.496883277667017, 0.052002753034399704, 0.6300024995751978, 0.6346259584953398, 0.4860228774797366, 0.1454311174694479, 0.6728434739276505, 0.8771088689692103, 0.5734902369266077, 1.323354101448118, 0.36754237854473454, 0.14958747545753523, 0.27730736614764406,0,0,0,0,0,5,0,0,0,0,9,0,0,22,0,0,0,0,0,0,0,0,0,0,0,0,0,0,0,0,0,0,0,0,0,0,0,0,0,0,0,0,0,0,0,0,0,0,0,0,0,0,0,0,0,0,3,0,0,0,0,0,0,0,0,0,0,0,0,0,0,0,0,0,0,0,0,0,0,0,0,0,0,0,4
Cilindro01,x,0,-0.11664173126195214, 0.5971204244854311, 0.6808927165935021, 0.46465218560049265, 0.06863354493849147, 0.6428769284093157, 0.6956994074022135, 0.5602511968212325, 0.1035340446949676, 0.6154316228931567, 0.903595000475457, 0.609715028951255, 1.2497620647588337, 0.23526182770959533, 0.13106998000831735, 0.22661508100377922,0,0,0,0,0,0,0,0,0,0,25,0,0,0,12,0,0,0,0,0,0,0,0,0,0,0,0,0,0,0,0,0,0,0,0,0,0,0,0,0,0,0,0,0,0,0,0,0,0,0,0,0,0,0,0,0,0,0,0,0,0,0,0,0,0,0,0,0,0,0,0,0,0,0,0,0,0,0,0,0,0,0,0,0,4
Pelota01,z,0,-0.020855300937998186, 0.6508537858357828, 0.8024229788644035, 0.6039900994805529, 0.04753772769061559, 0.6284584828776785, 0.6972509126458277, 0.6292087222499234, 0.15016447011628645, 0.6743449526731564, 0.851516800811618, 0.5567968762250256, 1.3450082855544805, 0.37621109774074546, 0.24778723930656635, 0.23266651698562468,0,0,0,0,0,0,0,0,0,0,0,0,0,0,0,0,0,0,0,0,0,0,0,0,0,0,0,0,0,0,0,0,0,0,0,0,0,0,0,0,0,0,0,0,0,0,0,0,0,0,0,0,0,0,0,0,0,0,0,0,0,0,0,0,0,0,0,0,0,0,0,0,0,0,0,0,0,0,0,0,0,0,0,0,5
Pelota01,z,0,-0.011479275589024113, 0.6715457444932137, 0.8437204165802944, 0.628370239586242, 0.042943945662607425, 0.6343547963248841, 0.6913890366479805, 0.6014427268090943, 0.14486782769410728, 0.6761472826392727, 0.8454288017136427, 0.5291561542610514, 1.3727651196262425, 0.4008294899213505, 0.2289658262941956, 0.30032412841534045,0,0,0,0,0,0,0,0,0,0,0,0,0,0,0,0,0,0,0,0,0,0,0,0,0,0,0,0,0,0,0,0,0,0,0,0,0,0,0,0,0,0,0,0,0,0,0,0,0,0,0,0,0,0,0,0,0,0,0,0,0,0,0,0,0,0,0,0,0,0,0,0,0,0,0,0,0,0,0,0,0,0,0,0,5
Pelota01,z,0,-0.01291972533704528, 0.659002976750673, 0.8137423358620088, 0.6159687107468168, 0.04132764007048541, 0.6328685984180266, 0.6895934260605583, 0.6068632393080196, 0.1525838908989982, 0.6751787575697634, 0.8626402983758433, 0.5554078457996592, 1.3567603080779134, 0.37930333221477786, 0.2624423503749562, 0.3265398679055722,0,0,0,0,0,0,0,0,0,0,0,0,0,0,0,0,0,0,0,0,0,0,0,0,0,0,0,0,0,0,0,0,0,0,0,0,0,0,0,0,0,0,0,0,0,0,0,0,0,0,0,0,0,0,0,0,0,0,0,0,0,0,0,0,0,0,0,0,0,0,0,0,0,0,0,0,0,0,0,0,0,0,0,0,5
Pelota01,z,0,0.00237228327557884, 0.6403311274339843, 0.8147469508316387, 0.6021509593186445, 0.04523007443882926, 0.6296561073919388, 0.6828601539675165, 0.6009590589837015, 0.15319627526528456, 0.6865517281741613, 0.8529406266133, 0.5738060254329514, 1.3659523852394273, 0.38164337772528995, 0.20630367793764087, 0.30118740094047214,0,0,0,0,0,0,0,0,0,0,0,0,0,0,0,0,0,0,0,0,0,0,0,0,0,0,0,0,0,0,0,0,0,0,0,0,0,0,0,0,0,0,0,0,0,0,0,0,0,0,0,0,0,0,0,0,0,0,0,0,0,0,0,0,0,0,0,0,0,0,0,0,0,0,0,0,0,0,0,0,0,0,0,0,5
Pelota01,z,0,-0.004724607820093409, 0.70134637139678, 0.8082885240495084, 0.5960826649242098, 0.04452240674734123, 0.6467671944988285, 0.6804899400534139, 0.5741455395739355, 0.15734811748955174, 0.6781007307650813, 0.8324540254801551, 0.5342223088335777, 1.3298362185348194, 0.40163723613122826, 0.2957429157258369, 0.32535768592626674,0,0,0,0,0,0,0,0,0,0,0,0,0,0,0,0,0,0,0,0,0,0,0,0,0,0,0,0,0,0,0,0,0,0,0,0,0,0,0,0,0,0,0,0,0,0,0,0,0,0,0,0,0,0,0,0,0,0,0,0,0,0,0,0,0,0,0,0,0,0,0,0,0,0,0,0,0,0,0,0,0,0,0,0,5
Pelota01,z,0,-0.01913935702649442, 0.6074493924145413, 0.7601852429712095, 0.5746211097845024, 0.026867182596437618, 0.6113581917819889, 0.6631487654784156, 0.5764074896078774, 0.1602909491289743, 0.7069389709819425, 0.8622798801810637, 0.5404154754408668, 1.3615697732813103, 0.39290780729442387, 0.2164101023564533, 0.30773741250369735,0,0,0,0,0,0,0,0,0,0,0,0,0,0,0,0,0,0,0,0,0,0,0,0,0,0,0,0,0,0,0,0,0,0,0,0,0,0,0,0,0,0,0,0,0,0,0,0,0,0,0,0,0,0,0,0,0,0,0,0,0,0,0,0,0,0,0,0,0,0,0,0,0,0,0,0,0,0,0,0,0,0,0,0,5
Pelota01,z,0,0.005100654905642222, 0.6661729584219163, 0.8293036326830043, 0.630708836638852, 0.02696299085264591, 0.6312694531416011, 0.6963096075645208, 0.622864950500714, 0.14434119090802416, 0.6876286683951053, 0.8835137574017189, 0.6034163420692377, 1.3470703003320765, 0.38845070864606546, 0.2323903161038336, 0.35034266855893526,0,0,0,0,0,0,0,0,0,0,0,0,0,0,0,0,0,0,0,0,0,0,0,0,0,0,0,0,0,0,0,0,0,0,0,0,0,0,0,0,0,0,0,0,0,0,0,0,0,0,0,0,0,0,0,0,0,0,0,0,0,0,0,0,0,0,0,0,0,0,0,0,0,0,0,0,0,0,0,0,0,0,0,0,5
Pelota01,z,0,0.003505985768432681, 0.6862826923677772, 0.8055045330444471, 0.616434336482536, 0.04642382376443219, 0.6297105888780645, 0.6933568541703174, 0.6281133392542898, 0.14609724886721145, 0.6704543522370929, 0.8783210456971049, 0.5839867966604504, 1.3405522730453932, 0.38355670299364675, 0.21510655664660283, 0.3267294116617512,0,0,0,0,0,0,0,0,0,0,0,0,0,0,0,0,0,0,0,0,0,0,0,0,0,0,0,0,0,0,0,0,0,0,0,0,0,0,0,0,0,0,0,0,0,0,0,0,0,0,0,0,0,0,0,0,0,0,0,0,0,0,0,0,0,0,0,0,0,0,0,0,0,0,0,0,0,0,0,0,0,0,0,0,5
Pelota01,z,0,-0.020422662061070337, 0.673779821677862, 0.8031849632548995, 0.5999096777184376, 0.0318614850445772, 0.6150736550290088, 0.6905427116234477, 0.6168924770207598, 0.14047429471764525, 0.6662156948160821, 0.8504140082612747, 0.5768906837455752, 1.3215789864369052, 0.3741326428052486, 0.22860372538521365, 0.3603752100710291,0,0,0,0,0,0,0,0,0,0,0,0,0,0,0,0,0,0,0,0,0,0,0,0,0,0,0,0,0,0,0,0,0,0,0,0,0,0,0,0,0,0,0,0,0,0,0,0,0,0,0,0,0,0,0,0,0,0,0,0,0,0,0,0,0,0,0,0,0,0,0,0,0,0,0,0,0,0,0,0,0,0,0,0,5
Pelota01,z,0,0.0027800192925082267, 0.6699284740511726, 0.8144016340387601, 0.621707395896642, 0.03782109835256674, 0.6282217518917612, 0.6862058396584029, 0.6076998696563304, 0.1453829905000073, 0.6692149066890393, 0.8401256317255217, 0.5576319747586166, 1.362096357059451, 0.3944366575620839, 0.20573078109894807, 0.3223392391409545,0,0,0,0,0,0,0,0,0,0,0,0,0,0,0,0,0,0,0,0,0,0,0,0,0,0,0,0,0,0,0,0,0,0,0,0,0,0,0,0,0,0,0,0,0,0,0,0,0,0,0,0,0,0,0,0,0,0,0,0,0,0,0,0,0,0,0,0,0,0,0,0,0,0,0,0,0,0,0,0,0,0,0,0,5
Pelota01,z,0,0.003949633908875651, 0.6556174031864763, 0.8050223452930579, 0.6177036363192461, 0.051366833051164955, 0.635203484142934, 0.6879323484040274, 0.5984863776145559, 0.17483123677286727, 0.6782624525150508, 0.8919894048141586, 0.5779753581779364, 1.343345947423299, 0.39076861514700656, 0.23043522951988116, 0.3542621405867262,0,0,0,0,0,0,0,0,0,0,0,0,0,0,0,0,0,0,0,0,0,0,0,0,0,0,0,0,0,0,0,0,0,0,0,0,0,0,0,0,0,0,0,0,0,0,0,0,0,0,0,0,0,0,0,0,0,0,0,0,0,0,0,0,0,0,0,0,0,0,0,0,0,0,0,0,0,0,0,0,0,0,0,0,5
Pelota01,z,0,0.007526661205816998, 0.7052631208403235, 0.8497174418821111, 0.6564230804061711, 0.0443245079077803, 0.6392544528300876, 0.7227049728580217, 0.6353657064795749, 0.14408440990899585, 0.6735417687421896, 0.8542139077602673, 0.5872433984187948, 1.324978377115741, 0.38543839131292357, 0.22973134453736502, 0.36541032754613084,0,0,0,0,0,0,0,0,0,0,0,0,0,0,0,0,0,0,0,0,0,0,0,0,0,0,0,0,0,0,0,0,0,0,0,0,0,0,0,0,0,0,0,0,0,0,0,0,0,0,0,0,0,0,0,0,0,0,0,0,0,0,0,0,0,0,0,0,0,0,0,0,0,0,0,0,0,0,0,0,0,0,0,0,5
Pelota01,z,0,0.011167960268787799, 0.7099120327242335, 0.8170340644127857, 0.6446507381315079, 0.04488365810056591, 0.6287796867111711, 0.6723522420526521, 0.5792765199144962, 0.14796729119241728, 0.6519481381373868, 0.8491650528903154, 0.5405999893360103, 1.3429861282494084, 0.3809171007186415, 0.22651559804242186, 0.35744412079733445,0,0,0,0,0,0,0,0,0,0,0,0,0,0,0,0,0,0,0,0,0,0,0,0,0,0,0,0,0,0,0,0,0,0,0,0,0,0,0,0,0,0,0,0,0,0,0,0,0,0,0,0,0,0,0,0,0,0,0,0,0,0,0,0,0,0,0,0,0,0,0,0,0,0,0,0,0,0,0,0,0,0,0,0,5
Pelota01,z,0,0.0027966581814663836, 0.6787420693160117, 0.8121323549404199, 0.6153324719713684, 0.045592100012812116, 0.6252260567492117, 0.691833317879031, 0.5908843570027434, 0.15081563455410174, 0.6823190288693218, 0.8542155519920497, 0.5677540156058792, 1.3474362543095206, 0.36579935121642376, 0.21914437007568044, 0.3537488914009429,0,0,0,0,0,0,0,0,0,0,0,0,0,0,0,0,0,0,0,0,0,0,0,0,0,0,0,0,0,0,0,0,0,0,0,0,0,0,0,0,0,0,0,0,0,0,0,0,0,0,0,0,0,0,0,0,0,0,0,0,0,0,0,0,0,0,0,0,0,0,0,0,0,0,0,0,0,0,0,0,0,0,0,0,5
Pelota01,z,0,0.015634728417755817, 0.6978835058813841, 0.8469738795974133, 0.6446822973498262, 0.027805431467059195, 0.6189562892977927, 0.6695851520624674, 0.5794624904149929, 0.14752088820883577, 0.6500615148888047, 0.8329249465972711, 0.5157488700138119, 1.3549512082085693, 0.39216912786249986, 0.24995700368227425, 0.37241485587903445,0,0,0,0,0,0,0,0,0,0,0,0,0,0,0,0,0,0,0,0,0,0,0,0,0,0,0,0,0,0,0,0,0,0,0,0,0,0,0,0,0,0,0,0,0,0,0,0,0,0,0,0,0,0,0,0,0,0,0,0,0,0,0,0,0,0,0,0,0,0,0,0,0,0,0,0,0,0,0,0,0,0,0,0,5
Pelota02,z,0,0.00013410040405506985, 0.5412678609187255, 0.7372528746963506, 0.5602679297328323, 0.0258940239999925, 0.5956927283802353, 0.6587636190113986, 0.506568046510493, 0.14343761594364327, 0.7574660894441223, 0.9143333929736858, 0.5694663416626898, 1.3410791779119615, 0.37940133531860265, 0.11543302377743228, 0.3416718370464422,0,0,0,0,0,0,23,0,0,0,4,0,0,0,0,0,0,0,0,0,0,0,0,0,0,0,0,0,0,0,0,0,0,0,0,0,0,0,0,0,0,0,0,0,0,0,0,0,0,0,0,0,0,0,0,0,0,0,0,0,0,0,0,0,0,0,0,0,0,0,0,0,0,0,0,0,0,0,0,0,0,0,0,0,6
Pelota02,z,0,-0.007662343032870593, 0.5453917062165841, 0.6492827260970881, 0.4567366990323878, 0.032699399337255464, 0.5680869308986742, 0.5789314170988921, 0.43364960941821834, 0.14262339909252023, 0.6872899839969682, 0.8538379729613236, 0.5290995388944071, 1.30578010190383, 0.3825453787541021, 0.23822364946710833, 0.318682156441006,0,3,35,0,0,0,0,0,0,0,0,0,0,0,0,0,0,0,0,0,0,0,0,0,0,0,0,0,0,0,0,0,0,0,0,0,0,0,0,0,0,0,0,0,0,0,0,0,0,0,0,0,0,0,0,0,10,0,0,0,0,0,0,0,0,0,0,0,0,0,0,0,0,0,0,0,0,0,0,0,0,0,0,0,6
Pelota02,z,0,-0.025006143716558238, 0.5540094330607809, 0.6401593643557862, 0.511813416915378, 0.044868123953515526, 0.5877964656972434, 0.5769065406387208, 0.47807843298401453, 0.14511299688427037, 0.7294218112201187, 0.9278386611566765, 0.5939158134330189, 1.356854349619224, 0.3674502190343273, 0.22076843375091904, 0.31368333837420587,0,0,0,0,0,0,0,0,0,0,0,0,0,0,0,0,0,0,0,0,0,0,0,0,0,0,0,0,0,0,0,0,0,0,0,0,0,0,0,0,0,0,0,0,0,0,0,0,0,0,0,0,0,0,0,0,0,0,0,0,0,0,0,0,0,0,0,0,0,0,0,0,0,0,0,0,0,0,0,0,0,0,0,0,6
Pelota02,z,0,-0.01947043329334086, 0.5142423717944709, 0.61298856526689, 0.4254963026114432, 0.03914100906315106, 0.5686980758903519, 0.5589569175576714, 0.42048866353556213, 0.15217996472107675, 0.7268872717533127, 0.9183792315588415, 0.6170128928213026, 1.3652719399247042, 0.38475848573640636, 0.23697346686772214, 0.32128733927307357,0,0,6,6,0,0,0,0,0,0,0,0,0,0,0,0,0,0,0,0,0,0,0,0,0,0,0,0,0,0,0,0,0,0,0,0,0,0,0,0,0,0,0,0,0,0,0,0,0,0,0,0,0,0,0,0,14,0,0,0,0,0,0,0,0,0,0,0,0,0,0,0,0,0,0,0,0,0,0,0,0,0,0,0,6
Pelota02,z,0,-0.011312154367560147, 0.5229442551413582, 0.6348373953634944, 0.4382856205129594, 0.03899716148887196, 0.5753520475100729, 0.568534150548822, 0.43895395262349307, 0.14599448359926825, 0.7301780490021591, 0.9353262550604379, 0.6144270775168027, 1.348780586459537, 0.3804818523716625, 0.24379853454548128, 0.31057725324732843,0,0,18,4,0,0,0,0,0,0,0,0,0,0,0,0,0,0,0,0,0,0,0,0,0,0,0,0,0,0,0,0,0,0,0,0,0,0,0,0,0,0,0,0,0,0,0,0,0,0,0,0,0,0,0,0,4,0,0,0,0,0,0,0,0,0,0,0,0,0,0,0,0,0,0,0,0,0,0,0,0,0,0,0,6
Pelota02,z,0,-0.020519269442162067, 0.5503726070742335, 0.6382214969926039, 0.42990555005734027, 0.04644856055391754, 0.5653239912041458, 0.589560553341158, 0.44699147602265377, 0.14314316629049215, 0.6870924624996768, 0.918367044220999, 0.615405197361433, 1.318439936949908, 0.36837273317663133, 0.23159268073409076, 0.3136053234625379,0,0,34,0,0,0,0,0,0,0,0,0,0,0,0,0,0,0,0,0,0,0,0,0,0,0,0,0,0,0,0,0,0,0,0,0,0,0,0,0,0,0,0,0,0,0,0,0,0,0,0,0,0,0,0,0,6,0,0,0,0,0,0,0,0,0,0,0,0,0,0,0,0,0,0,0,0,0,0,0,0,0,0,0,6
Pelota02,z,0,-0.003652780724126529, 0.5528609528618909, 0.6589738254163557, 0.471493720210345, 0.03631900768264383, 0.5777612198734057, 0.5930378224792137, 0.4426883501686912, 0.15192513751775574, 0.6665932699038453, 0.9253017559263832, 0.6408978283297253, 1.3196188439471737, 0.37792787341002215, 0.21134092004486535, 0.31365457493376275,0,0,33,0,0,0,0,0,0,0,0,0,0,0,0,0,0,0,0,0,0,0,0,0,0,0,0,0,0,0,0,0,0,0,0,0,0,0,0,0,0,0,0,0,0,0,0,0,0,0,0,0,0,0,0,0,9,0,0,0,0,0,0,0,0,0,0,0,0,0,0,0,0,0,0,0,0,0,0,0,0,0,0,0,6
Pelota02,z,0,0.05641700284937156, 0.550473022062266, 0.6952222231841261, 0.5366182778904922, 0.04203341528802903, 0.5753476639657797, 0.6035859275755981, 0.4730689909245681, 0.1482449709329154, 0.6630318488100143, 0.9188397710838777, 0.6887938040077959, 1.346580476377139, 0.37910817355638526, 0.19115551922642837, 0.3112624280640621,0,0,17,0,0,0,3,0,0,0,0,0,0,0,0,0,0,0,0,0,0,0,0,0,0,0,0,0,0,0,0,0,0,0,0,0,0,0,0,0,0,0,0,0,0,0,0,0,0,0,0,0,0,0,0,0,3,0,0,0,0,0,0,0,0,0,0,0,0,0,0,0,0,0,0,0,0,0,0,0,0,0,0,0,6
Pelota02,z,0,-0.01633609735963512, 0.5324337131433521, 0.6353209043795531, 0.45714739910006447, 0.04488701236254157, 0.5692734723091541, 0.5695752726440771, 0.4656598528400527, 0.14404272336770957, 0.7140100259374742, 0.9204496296583724, 0.6131140976189975, 1.3306613496546573, 0.3907547282270809, 0.22738195083629467, 0.3075260850046125,0,0,30,4,0,0,0,0,0,0,0,0,0,0,0,0,0,0,0,0,0,0,0,0,0,0,0,0,0,0,0,0,0,0,0,0,0,0,0,0,0,0,0,0,0,0,0,0,0,0,0,0,0,0,0,0,15,0,0,0,0,0,0,0,0,0,0,0,0,0,0,0,0,0,0,0,0,0,0,0,0,0,0,0,6
Pelota02,z,0,0.0008503175794576808, 0.5361018469848455, 0.661741928281649, 0.46826462967425847, 0.03515589653143371, 0.5713105378687883, 0.5780810814797167, 0.45527264132989126, 0.14603979913332035, 0.6807701601809195, 0.9166684686948888, 0.6161615785614257, 1.3305791645443084, 0.3851551148301128, 0.22574135947609275, 0.3075191345055402,0,3,30,0,0,0,0,0,0,0,0,0,0,0,0,0,0,0,0,0,0,0,0,0,0,0,0,0,0,0,0,0,0,0,0,0,0,0,0,0,0,0,0,0,0,0,0,0,0,0,0,0,0,0,0,0,16,0,0,0,0,0,0,0,0,0,0,0,0,0,0,0,0,0,0,0,0,0,0,0,0,0,0,0,6
Pelota02,z,0,0.0005972863095500099, 0.5508148193012246, 0.6797482125609466, 0.4968600970508204, 0.03995126269497686, 0.5806334388260803, 0.5990865581300747, 0.46471650173578466, 0.14721270208187232, 0.6686949645384961, 0.932530376172865, 0.6412705335135506, 1.3301852594010952, 0.37936644562295596, 0.1992472240005131, 0.31192022840773187,0,3,19,0,0,0,4,0,0,0,0,0,0,0,0,0,0,0,0,0,0,0,0,0,0,0,0,0,0,0,0,0,0,0,0,0,0,0,0,0,0,0,0,0,0,0,0,0,0,0,0,0,0,0,0,0,5,0,0,0,0,0,0,0,0,0,0,0,0,0,0,0,0,0,0,0,0,0,0,0,0,0,0,0,6
Pelota02,z,0,0.09363063729689838, 0.5706838865240473, 0.7262481630069804, 0.5412747592284936, 0.03847271599491516, 0.5759862569469726, 0.5951898387561467, 0.43586634164831195, 0.14636717117603276, 0.6504616843083374, 0.8943211462468208, 0.6198300932076848, 1.3169709121286044, 0.3832352997241126, 0.2256261400603372, 0.3153370452447959,0,8,11,0,0,0,3,0,0,0,0,0,0,0,0,0,0,0,0,0,0,0,0,0,0,0,0,0,0,0,0,0,0,0,0,0,0,0,0,0,0,0,0,0,0,0,0,0,0,0,0,0,0,0,0,0,7,0,0,0,0,0,0,0,0,0,0,0,0,0,0,0,0,0,0,0,0,0,0,0,0,0,0,0,6
Pelota02,z,0,-0.018491758808836505, 0.5289690066004669, 0.6392290889707787, 0.46491995919890156, 0.051134420925515484, 0.5786015685957948, 0.6032327050107086, 0.4747224677111915, 0.15081945367097324, 0.7256011893840508, 0.9404726281225266, 0.6426964419069656, 1.3683674432695572, 0.36901921861942777, 0.19577317930388782, 0.3133474007451592,0,0,10,11,0,0,0,0,0,0,0,0,0,0,0,0,0,0,0,0,0,0,0,0,0,0,0,0,0,0,0,0,0,0,0,0,0,0,0,0,0,0,0,0,0,0,0,0,0,0,0,0,0,0,0,0,0,0,0,0,0,0,0,0,0,0,0,0,0,0,0,0,0,0,0,0,0,0,0,0,0,0,0,0,6
Pelota02,z,0,-0.0173223572455259, 0.5436028941775318, 0.6354741228301813, 0.42652611799552137, 0.05405158969028035, 0.5677390145403433, 0.5802169342293293, 0.4537066449807331, 0.14466717545418564, 0.688483470284068, 0.9335554258414731, 0.6177247022862434, 1.3246035518343184, 0.3752601110923612, 0.23382632000361225, 0.31358874156640987,0,0,24,0,0,0,0,0,0,0,0,0,0,0,0,0,0,0,0,0,0,0,0,0,0,0,0,0,0,0,0,0,0,0,0,0,0,0,0,0,0,0,0,0,0,0,0,0,0,0,0,0,0,0,0,0,7,0,0,0,0,0,0,0,0,0,0,0,0,0,0,0,0,0,0,0,0,0,0,0,0,0,0,0,6
Pelota02,z,0,-0.015078851972310932, 0.5477375575576453, 0.6481640390282403, 0.44519477326405904, 0.04515709288412497, 0.5676104106098028, 0.6015352698143561, 0.4460367570297206, 0.14428892863490017, 0.6804425975115844, 0.9167417528351093, 0.6171862270939932, 1.3114375538845315, 0.37645319701543983, 0.22986332887474645, 0.31092331691548025,0,3,25,0,0,0,0,0,0,0,0,0,0,0,0,0,0,0,0,0,0,0,0,0,0,0,0,0,0,0,0,0,0,0,0,0,0,0,0,0,0,0,0,0,0,0,0,0,0,0,0,0,0,0,0,0,6,0,0,0,0,0,0,0,0,0,0,0,0,0,0,0,0,0,0,0,0,0,0,0,0,0,0,0,6
Vaso01,x,0,-0.028215790126819542, 0.7888979458831367, 0.8720646586422216, 0.6579549130184325, 0.10421363611072083, 0.8910811944486513, 0.8660482733680349, 0.7356251410581003, 0.1959057081497558, 0.917422699187216, 1.1207351998777333, 0.7762513308478175, 1.4110877640115016, 0.38161330070361427, 0.14899277934123537, 0.5091916602890764,0,0,0,0,0,0,0,0,0,0,0,0,0,0,0,0,0,0,0,0,0,0,0,0,0,0,0,0,0,0,0,0,0,0,0,0,0,0,0,0,6,0,0,0,0,0,0,0,0,0,0,0,0,0,0,0,0,0,0,0,0,0,0,0,0,0,0,0,0,0,0,0,0,0,0,0,0,0,0,0,0,0,0,0,7
Vaso01,x,45,-0.042688486273408745, 0.7369895310106458, 0.8392590966819865, 0.6184227523090855, 0.13424464513558404, 0.7714643707176387, 0.7675365926828241, 0.5917134893294742, 0.10388559712814299, 0.781342303176775, 1.0451809730460264, 0.8205118430535456, 1.3204591053172479, 0.24937011012424637, 0.2920598263779959, 0.45139302010669935,0,0,0,0,0,0,0,0,0,0,0,0,0,0,3,0,0,0,0,0,0,0,0,0,0,0,0,0,0,0,0,0,0,0,0,0,0,0,0,0,0,0,0,0,0,0,0,0,0,0,0,0,0,0,0,0,0,0,0,0,0,0,0,0,0,0,0,0,0,0,0,0,0,0,0,0,0,0,0,0,0,0,0,0,7
Vaso01,x,90,0.00544620395223798, 0.5596720231384534, 0.7378662980491817, 0.5255920506492611, 0.015211981947645673, 0.5470849175073775, 0.5898114838520223, 0.49262230986636824, 0.14449925874913352, 0.7333817048457731, 0.904659567563151, 0.5935478549073039, 1.3655396960060093, 0.36161104007335293, 0.3013212610014906, 0.48479865873215167,0,0,0,0,0,0,0,0,0,0,0,0,0,3,0,0,0,0,0,0,0,0,0,0,0,0,0,0,0,0,0,0,0,0,0,0,0,0,0,0,0,0,0,0,0,0,0,0,0,0,0,0,0,0,0,0,0,0,0,0,0,0,0,0,0,0,0,0,0,0,0,0,0,0,0,0,0,0,0,0,0,0,0,0,7
Vaso01,x,0,-0.026368306294433833, 0.7408742823803477, 0.8075523943713419, 0.6144464710206576, 0.12436116204634165, 0.7808042728188878, 0.7434037050681139, 0.5449761286995285, 0.13402125922708202, 0.7141379043349827, 0.9644873661455625, 0.7270753748750312, 1.3513886250976104, 0.35492738322365475, 0.316134744865725, 0.46337801311137017,0,0,0,0,0,0,0,0,0,0,4,0,0,0,7,0,0,0,0,0,0,0,0,0,0,0,0,0,0,0,0,0,0,0,0,0,0,0,0,0,0,0,0,0,0,0,0,0,0,0,0,0,0,0,0,0,0,0,0,0,0,0,0,0,0,0,0,0,0,0,0,0,0,0,0,0,0,0,0,0,0,0,0,0,7
Vaso01,x,45,-0.05815893125784616, 0.713234916977918, 0.8716930268457448, 0.6425380312849377, 0.12653626291377376, 0.7856096288098368, 0.7893879991263902, 0.6131846352982984, 0.04663733562572916, 0.8980599591446561, 1.1299098123944007, 0.8379598306021683, 1.3014235896664021, 0.204223863737446, 0.2894553665031183, 0.4527832198855618,0,0,0,0,0,0,0,0,0,0,0,0,0,0,0,0,0,0,0,0,0,0,0,0,0,0,0,0,0,0,0,0,0,0,0,0,0,0,0,0,0,0,0,0,0,0,0,0,0,0,0,0,0,0,0,0,0,0,0,0,0,0,0,0,0,0,0,0,0,0,0,0,0,0,0,0,0,0,0,0,0,0,0,0,7
Vaso01,z,0,0.007470510175689112, 0.6682049109463685, 0.8601639219665875, 0.7124841460912981, 0.0507611888265937, 0.6963662821457991, 0.7062383432024675, 0.5824575385519153, 0.15584299612313612, 0.8553656618154144, 1.0395625408576934, 0.7379409077878722, 1.3767895759967765, 0.38303029085221924, 0.2715457249428474, 0.34854847979714126,0,0,5,0,0,0,16,0,0,0,0,0,0,0,0,0,0,0,0,0,0,0,0,0,0,0,0,0,0,0,0,0,0,0,0,0,0,0,0,0,0,0,0,0,0,0,0,0,0,0,0,0,0,0,0,0,0,0,0,0,0,0,0,0,0,0,0,0,0,0,0,0,0,0,0,0,0,0,0,0,0,0,0,0,7
Vaso01,z,0,-0.02450428869407584, 0.7020057373956932, 0.8871400121639491, 0.7463549700003318, 0.05080959519077198, 0.7187493320126784, 0.7376084818393654, 0.6353222758176832, 0.14497268393258445, 0.8361001663046082, 1.0460290546665936, 0.770393940516502, 1.3190126587744857, 0.3505287153084676, 0.28182950845525123, 0.3655010752630533,0,0,0,0,0,9,0,0,0,4,0,0,0,0,0,0,0,0,0,0,0,0,0,0,0,0,0,0,0,0,0,0,0,0,0,0,0,0,0,0,0,0,0,0,0,0,0,0,0,0,0,0,0,0,0,0,0,0,0,0,0,0,0,0,0,0,0,0,0,0,0,0,0,0,0,0,0,0,0,0,0,0,0,0,7
Vaso01,z,0,-0.0026449845218822505, 0.7106082363479038, 0.8895038948247501, 0.7279503654013917, 0.04465670957784286, 0.7129786123649309, 0.7318566081774007, 0.6141135941438769, 0.1488856274463207, 0.8225101847344858, 1.0484667620278303, 0.7593646591852536, 1.356317021749594, 0.37050984011890303, 0.2620734059279321, 0.3570172768019503,0,0,0,0,0,10,0,0,0,5,0,0,0,0,0,0,0,0,0,0,0,0,0,0,0,0,0,0,0,0,0,0,0,0,0,0,0,0,0,0,0,0,0,0,0,0,0,0,0,0,0,0,0,0,0,0,0,0,0,0,0,0,0,0,0,0,0,0,0,0,0,0,0,0,0,0,0,0,0,0,0,0,0,0,7
Vaso01,z,0,-0.030800210655878527, 0.706529317747182, 0.8468806123862432, 0.6997800547970681, 0.05099214906273755, 0.700517897817139, 0.7161914189619856, 0.618825820191515, 0.13345401862068207, 0.841654343165495, 1.042416953350896, 0.7500069578643744, 1.3567889225860585, 0.37236906362091526, 0.264936303141754, 0.3588962823494578,0,3,0,0,0,11,0,0,0,0,0,0,0,0,0,0,0,0,0,0,0,0,0,0,0,0,0,0,0,0,0,0,0,0,0,0,0,0,0,0,0,0,0,0,0,0,0,0,0,0,0,0,0,0,0,0,0,0,0,0,0,0,0,0,0,0,0,0,0,0,0,0,0,0,0,0,0,0,0,0,0,0,0,0,7
Vaso01,z,0,-0.00669616006760365, 0.726254924025554, 0.8737529134200053, 0.704211771892958, 0.04680191141329248, 0.7266225243120505, 0.7312610196667906, 0.6277878197063818, 0.15048737656739525, 0.856739681008765, 1.0417190169054553, 0.7466484230838761, 1.389439606762371, 0.3735066892794645, 0.229978284522078, 0.3572765418379177,0,0,0,0,0,3,0,0,0,0,0,0,0,0,0,0,0,0,0,0,0,0,0,0,0,0,0,0,0,0,0,0,0,0,0,0,0,0,0,0,0,0,0,0,0,0,0,0,0,0,0,0,0,0,0,0,0,0,0,0,0,0,0,0,0,0,0,0,0,0,0,0,0,0,0,0,0,0,0,0,0,0,0,0,7
Vaso01,z,0,-0.020269482497163267, 0.7106497694573625, 0.8955956052358227, 0.7403398952657813, 0.04460625107952658, 0.7267533503918822, 0.7304581736920512, 0.6275688494061746, 0.14145857285777225, 0.8270530491738549, 1.0398982495831863, 0.7499629298668674, 1.3479035417816032, 0.37320950111765394, 0.272833081781015, 0.35001612630810564,0,0,0,0,0,9,0,0,0,0,0,0,0,0,0,0,0,0,0,0,0,0,0,0,0,0,0,0,0,0,0,0,0,0,0,0,0,0,0,0,0,0,0,0,0,0,0,0,0,0,0,0,0,0,0,0,0,0,0,0,0,0,0,0,0,0,0,0,0,0,0,0,0,0,0,0,0,0,0,0,0,0,0,0,7
Vaso01,z,0,-0.013758175323967807, 0.7376622028488931, 0.9235503456740313, 0.7428688415809747, 0.046078117576308496, 0.7340007087795334, 0.7414056888859343, 0.6571436221458578, 0.1432147119750296, 0.8498468674738251, 1.0131132825584293, 0.7057198321847216, 1.3671611952940967, 0.3713901634817976, 0.22831136110656464, 0.3664648031572662,0,0,0,0,0,9,0,0,0,8,0,0,0,3,0,0,0,0,0,0,0,0,0,0,0,0,0,0,0,0,0,0,0,0,0,0,0,0,0,0,0,0,0,0,0,0,0,0,0,0,0,0,0,0,0,0,0,0,0,0,0,0,0,0,0,0,0,0,0,0,0,0,0,0,0,0,0,0,0,0,0,0,0,0,7
Vaso01,z,0,-0.006205268888968167, 0.7125744630541888, 0.8994667787090017, 0.7330472291553052, 0.04242976544965762, 0.7022021154973215, 0.7254753918581824, 0.6256380976112925, 0.11604821130195014, 0.8492816408771482, 1.0375686524617345, 0.7205932199127654, 1.3540072581958698, 0.3729765325934739, 0.25879020620835286, 0.3763076738761863,0,0,0,0,0,11,0,0,0,6,0,0,0,0,0,0,0,0,0,0,0,0,0,0,0,0,0,0,0,0,0,0,0,0,0,0,0,0,0,0,0,0,0,0,0,0,0,0,0,0,0,0,0,0,0,0,0,0,0,0,0,0,0,0,0,0,0,0,0,0,0,0,0,0,0,0,0,0,0,0,0,0,0,0,7
Vaso01,z,0,-0.022416366363935444, 0.7109812371200002, 0.898789357278644, 0.7538220130662795, 0.0437035952511954, 0.7312567446567325, 0.7294163424619767, 0.6291783287347485, 0.1467826124257548, 0.844965794580341, 1.0381029434018236, 0.7527106440432942, 1.3343009788896134, 0.3576862033498637, 0.2728392524553455, 0.35048099089355716,0,0,0,0,0,7,0,0,0,5,0,0,0,0,0,0,0,0,0,0,0,0,0,0,0,0,0,0,0,0,0,0,0,0,0,0,0,0,0,0,0,0,0,0,0,0,0,0,0,0,0,0,0,0,0,0,0,0,0,0,0,0,0,0,0,0,0,0,0,0,0,0,0,0,0,0,0,0,0,0,0,0,0,0,7
Vaso01,z,0,-0.0029299953838606654, 0.7568047939656881, 0.9274980137730888, 0.7494243304469377, 0.05246221374701753, 0.7349000396086307, 0.772001234040306, 0.6657063842491636, 0.12178957426003595, 0.8523217964368075, 1.052007808514925, 0.7709431166337274, 1.3106750588605838, 0.3316850042243036, 0.2799130382010262, 0.3598819232554459,0,0,0,0,0,0,0,0,3,0,0,0,6,0,0,0,0,0,0,0,0,0,0,0,0,0,0,0,0,0,0,0,0,0,0,0,0,0,0,0,0,0,0,0,0,0,0,0,0,0,0,0,0,0,0,0,0,0,0,0,0,0,0,0,0,0,0,0,0,0,0,0,0,0,0,0,0,0,0,0,0,0,0,0,7
